ProcedureID,ProcedureAge,AvgCompNum,AvgReviews,PriceDeposit,PricePaid,PriceOrigin,Public,SurgeonNum,ReviewBonus,Ad,Financing,GroupPurchase,Insurance,AvgSales
37,25,0,0.68,6600,33000,38000,0,1,0,1,1,0,0,0.24
48,19,8,0,396,1980,4300,0,2,0,0,1,1,1,1.36
52,20,2.1,0.05,1360,6800,8800,0,1,0,0,1,0,1,0.44
60,14,0.428571429,0.142857143,176,880,3160,0,2,0,0,0,0,0,8.04
63,8,2.125,0.125,7600,38000,58000,0,2,0,1,0,0,0,0
71,12,3.833333333,0.166666667,920,4600,5980,0,2,0,0,0,0,0,0.6
134,19,0,0.263157895,760,3800,6800,0,1,0,1,1,0,1,0.04
135,19,4.157894737,2.631578947,1760,8800,12600,0,1,0,1,1,0,1,0.04
164,20,0.45,0.2,2160,10800,25000,0,1,0,0,1,1,1,0.04
165,20,9.2,0.85,176,880,3800,0,1,0,0,1,0,1,1.08
232,18,0.555555556,0.222222222,100,198,340,0,2,0,0,0,0,0,3.6
239,13,1,0.153846154,440,2200,9800,0,1,0,1,1,0,0,0.44
308,3,2.333333333,0.333333333,100,466,3800,0,1,0,0,1,0,1,4.0625
453,12,0,0.083333333,4000,20000,38000,0,2,0,0,1,0,0,0.04
509,11,14.63636364,0.181818182,336,1680,3000,0,1,0,0,1,0,1,1.125
522,16,0.75,0.125,256,1280,3800,0,2,0,0,1,0,1,0.24
549,18,2.444444444,0,296,1480,4680,0,2,0,0,1,0,1,4.16
558,18,0.722222222,0.166666667,6600,33000,38000,0,1,0,1,1,0,0,0.24
626,14,0.214285714,0,1600,8000,24000,0,1,0,0,1,0,0,0.04
706,16,0,0.8125,100,198,1000,0,1,0,0,0,0,0,1.68
757,13,2,0.230769231,30,99,380,0,1,0,0,0,0,0,0.76
784,2,2,1.5,667,6666,10000,0,1,0,0,0,0,0,0.066666667
825,14,0,0.071428571,139,696,3800,0,1,0,0,1,0,0,0.92
826,15,5.066666667,0.333333333,100,399,4800,0,0,0,0,1,0,0,0.4
855,5,0,0.4,760,3800,5000,0,1,0,0,1,0,1,0.388888889
965,6,7.833333333,0.166666667,132,660,4800,0,1,0,1,1,0,1,1.368421053
1029,12,0,0.083333333,30,100,200,0,1,0,0,1,0,0,2.44
1043,9,4.555555556,0.222222222,8000,45500,56800,0,1,0,1,1,0,1,0.090909091
1111,15,5.066666667,0.866666667,200,998,5000,0,1,0,0,0,0,0,2.44
1175,2,0,1,18,18,1280,0,1,0,0,0,0,0,0.333333333
1212,17,0,0,850,8500,9000,0,2,0,0,0,0,0,0.12
1220,16,9,0.375,196,980,3800,0,2,0,1,1,0,1,0.52
1221,8,4,0,196,980,2980,0,2,0,1,1,0,1,0.19047619
1313,12,0,0.083333333,364,3636,7060,0,1,0,0,0,0,0,0.08
1314,16,0.1875,0,3160,15800,58000,0,1,0,0,1,1,0,0.12
1347,8,1.25,0.25,336,1680,5800,0,1,0,0,1,0,1,0.619047619
1350,14,0.5,0.642857143,216,1080,2800,0,1,0,0,1,0,1,1.96
1389,17,1.764705882,0.352941176,516,2580,6800,0,2,0,0,1,0,1,0.04
1390,17,2.058823529,0,396,1980,3800,0,2,0,0,1,0,0,0
1393,15,1.333333333,0.133333333,336,1680,3800,0,2,0,0,1,0,1,0.08
1402,17,0.176470588,0.117647059,160,798,3800,0,1,0,0,1,0,1,0.16
1437,17,6.352941176,0.529411765,792,3960,5800,0,1,0,0,1,0,0,3
1451,16,0,0.625,516,2580,6800,0,2,0,0,1,1,1,2.12
1454,10,0.7,0.5,336,1680,1980,0,2,0,0,1,0,1,0.913043478
1475,16,6.6875,0.5,1260,6300,7600,0,1,0,0,1,0,0,0.571428571
1504,20,2.5,1.4,240,1200,3800,0,0,0,1,1,0,0,2.24
1538,10,2.2,0.3,2160,10800,16800,0,1,0,0,1,0,1,1.52173913
1539,16,1.0625,0,1500,15000,26000,0,2,0,0,0,0,0,0
1541,15,6.066666667,1.133333333,100,458,3800,0,1,0,0,1,0,1,12.8
1544,16,5.6875,2.0625,151,755,4800,0,1,0,0,1,0,1,25.12
1580,14,0.714285714,0.071428571,1760,8800,19800,0,1,0,0,0,0,1,0
1597,16,0,0,136,680,1980,0,0,0,0,1,0,0,0.16
1626,15,0.133333333,0.8,100,366,3800,0,1,0,0,1,0,1,2.08
1629,16,0.5,0.25,1430,14300,18000,1,1,0,0,0,0,1,0.32
1648,4,0,0.25,136,680,2200,0,1,0,0,1,0,0,0.058823529
1684,10,0,0,100,298,1980,0,0,0,0,1,1,0,2.217391304
1712,7,4.571428571,0,4100,20500,21800,0,1,0,0,1,0,1,0.363636364
1716,16,11.4375,3.5,100,466,3800,0,1,0,0,1,0,1,54.56
1723,16,1.75,0.5,260,1299,10000,0,2,0,0,1,0,1,2.64
1728,6,6,0.166666667,3160,15800,38000,0,2,0,0,1,0,0,0.052631579
1731,15,5.733333333,0.8,2760,13800,19800,0,1,0,0,1,0,1,3.32
1737,16,0.625,0,256,1280,3680,0,1,0,1,1,0,0,0.04
1747,8,2.875,0.125,100,460,3800,0,2,0,0,1,1,1,2.80952381
1754,11,1.727272727,0.090909091,100,188,8800,0,2,0,0,1,1,1,1
1768,16,0,0.0625,1000,13000,19800,1,1,0,0,0,0,0,0.12
1794,8,9.25,0.375,116,580,4800,0,2,0,0,1,0,1,2.095238095
1814,23,0,0.043478261,100,400,800,0,1,0,0,1,0,0,0.12
1838,15,9,0.2,100,199,5800,0,2,0,0,1,1,1,0.8
1841,16,0,2.6875,100,298,680,0,2,0,0,0,0,0,7.84
1844,16,1.75,0.1875,396,1980,6800,0,1,0,0,1,0,1,1.72
1886,16,3.5,0.3125,116,580,1500,0,1,0,0,1,0,1,6.92
1894,15,0,0,100,169,880,0,2,0,0,1,1,0,0.92
1898,13,3.461538462,1.153846154,8000,58000,86000,0,1,0,0,0,0,1,1.4
1922,15,9,0,136,680,3980,0,1,0,0,1,1,1,9.12
1928,1,4,0,2800,14000,23600,0,1,0,0,0,0,0,0.071428571
1972,15,0,1.266666667,736,3680,7800,0,0,0,0,1,0,0,1.84
2019,13,1.076923077,0.153846154,196,980,2800,0,1,0,0,1,0,0,1.64
2048,7,0,0.142857143,396,1980,8800,0,1,0,0,1,0,1,1.1
2072,13,13.53846154,0.230769231,100,368,3800,0,2,0,0,1,1,1,0.68
2089,15,5.733333333,0.333333333,1300,6500,12000,0,1,0,0,1,0,1,0.8
2128,15,3.933333333,0.066666667,4560,22800,49800,0,1,0,0,1,0,0,0.105263158
2131,7,0.285714286,0.428571429,116,580,3800,0,1,0,0,1,0,1,17.9
2141,14,3.357142857,0.142857143,100,288,1900,0,1,0,0,0,0,1,0.24
2169,19,4.157894737,0.526315789,1550,15500,37200,0,1,0,0,0,0,0,0.416666667
2204,11,0,0.090909091,1960,9800,15800,0,1,0,0,1,0,0,0.125
2289,15,1.133333333,0.133333333,30,99,1680,0,2,0,0,1,0,0,0.28
2291,15,1,0.133333333,1196,5980,10800,0,1,0,0,1,0,1,0.32
2335,4,7.25,0,120,599,2480,0,1,0,0,1,0,1,52.88235294
2407,14,0.785714286,0.142857143,100,299,3980,0,1,0,0,0,0,0,0.12
2418,15,1.266666667,0.266666667,936,4680,7600,0,1,0,0,1,0,1,1
2424,13,4.692307692,0.230769231,390,1950,6800,0,1,0,0,1,0,1,4.56
2425,12,0,0.083333333,672,3360,5600,0,1,0,0,0,0,1,0.08
2430,14,0,0.142857143,1000,12900,14000,0,0,0,0,0,0,0,0.555555556
2431,13,0,0.076923077,1000,19000,20000,0,0,0,0,0,0,0,0.48
2443,14,0,0.214285714,1000,21900,22000,0,0,0,0,0,0,0,2.44
2464,16,4.75,0.0625,2000,20000,21000,0,1,0,0,0,0,0,0.12
2465,12,6.25,0.416666667,760,3800,5800,0,1,0,1,0,0,1,0.44
2473,10,7.9,2.9,100,480,2880,0,1,0,0,1,0,1,21.69565217
2479,13,13.53846154,0.153846154,196,980,3000,0,2,0,0,1,0,1,4.36
2490,15,2.6,1.8,516,2580,7800,0,1,0,0,1,0,1,2.52
2491,15,1,0.133333333,1760,8800,12800,0,1,0,0,1,0,1,0.2
2496,13,0,0.076923077,1000,26650,27000,0,0,0,0,0,0,0,2.64
2499,7,0,0,100,480,1280,0,0,0,0,1,0,0,1.3
2502,14,0,0.857142857,560,2800,6800,0,0,0,0,1,0,0,13.36
2517,9,4.111111111,1.666666667,30,100,3800,0,2,0,0,1,0,1,22.77272727
2532,10,0.3,0.2,176,880,2980,0,2,0,0,1,0,0,0.086956522
2555,3,0,0.333333333,396,1980,6800,0,2,0,0,1,0,1,0.4375
2565,14,0.571428571,0.071428571,263,1314,3860,0,1,0,0,1,0,1,0.44
2620,12,0,0.083333333,1960,9800,28000,0,0,0,0,1,0,0,0.086956522
2626,5,18.6,0,396,1980,3800,0,1,0,0,1,0,1,0.5
2643,14,0.928571429,1.214285714,160,799,3800,0,2,0,0,1,0,1,8.36
2652,14,5.642857143,0.071428571,2484,12420,13800,0,2,0,1,1,0,1,0.08
2658,11,0,0.090909091,1160,5800,9800,0,2,0,1,1,0,1,0.041666667
2689,12,4,0.75,120,599,1980,0,1,0,0,1,0,1,2.48
2693,14,10.5,0.428571429,100,499,890,0,1,0,0,1,0,1,2.238095238
2696,11,1.545454545,0.090909091,196,980,1280,0,1,0,0,1,0,1,0.666666667
2697,13,0.230769231,0.769230769,396,1980,2800,0,1,0,0,1,1,1,2.2
2727,14,1.357142857,0.285714286,516,2580,5800,0,1,0,0,1,0,1,0.2
2746,13,0.153846154,0.153846154,2500,29900,69000,0,1,0,0,0,0,0,2
2755,14,0,0.142857143,222,1110,4800,0,1,0,0,1,0,1,0.04
2761,11,2,0.090909091,1160,5800,13000,0,1,0,0,1,0,1,0.25
2782,10,3.7,0.4,120,599,1980,0,1,0,0,0,0,0,0.739130435
2805,12,1.416666667,0,256,1280,2000,0,1,0,0,1,0,1,0.12
2874,8,0,0.125,3760,18800,49800,0,1,0,0,1,0,0,0
2876,13,13.53846154,0,196,980,3980,0,1,0,0,1,0,1,1.56
2939,5,2.4,0,1160,5800,7800,0,1,0,0,1,0,1,0.166666667
2942,17,3.352941176,0.235294118,134,669,6800,0,1,0,0,1,0,1,0
2943,10,2.2,0.1,960,4800,14800,0,1,0,0,1,0,1,0.086956522
2951,15,4.066666667,1,2560,12800,18800,0,1,0,0,1,0,1,1.68
2958,14,0.428571429,1.214285714,50,9800,18000,1,1,0,0,0,0,1,2.08
2971,3,0.333333333,0.333333333,1160,5800,12800,0,1,0,0,1,0,1,0
2979,8,0.75,1.375,998,4990,5000,1,1,0,0,0,0,1,4.857142857
3011,4,0,0,256,1280,1800,0,1,0,0,1,0,0,0.058823529
3022,20,0.6,0.3,2420,12100,25600,0,1,0,0,1,0,1,0.04
3041,4,0,0,409,4909,5000,1,1,0,0,0,0,1,0.411764706
3047,13,0.461538462,0,150,7850,8000,1,1,0,0,0,0,0,0.12
3065,8,5.5,0,500,45500,46000,1,1,0,0,0,0,0,0.19047619
3139,14,3.571428571,0.142857143,1056,5280,12600,0,0,0,1,1,0,0,0.48
3202,13,3.538461538,0.153846154,116,580,2800,0,1,0,0,1,1,0,0.08
3240,13,5.538461538,0.769230769,100,199,600,0,1,0,0,1,0,0,7.6
3268,11,6,0.545454545,11,11,1980,0,2,0,0,0,0,0,15.91666667
3308,13,1.384615385,0,100,288,1280,0,1,0,0,0,0,0,0.36
3320,4,1,0.25,680,6800,8500,0,1,0,0,0,0,0,0.411764706
3375,12,0,0.25,144,1440,5000,0,0,0,0,0,0,0,0.72
3384,9,0.222222222,0.111111111,760,3800,5800,0,2,0,0,1,1,1,0.045454545
3393,11,0.363636364,0.181818182,160,800,18800,0,1,0,0,1,0,1,0.125
3439,9,1,0.333333333,100,466,2380,0,1,0,1,1,0,1,2.954545455
3457,13,0.230769231,1.769230769,30,98,900,0,1,0,0,1,0,0,17.8
3461,6,1,0,100,188,499,0,0,0,0,1,0,0,3.684210526
3481,10,1.8,0.1,1060,10600,12900,0,1,0,0,0,0,0,0.173913043
3518,12,10.91666667,0.666666667,260,1310,3000,1,1,0,0,0,0,1,5.32
3523,12,3.166666667,0.5,200,999,2500,0,1,0,0,1,0,0,0.72
3528,2,1,0.5,1960,9800,15800,0,1,0,0,0,0,0,0.25
3537,1,4,0,1799,17999,25000,0,0,0,0,0,0,0,0.25
3548,7,7.857142857,0.285714286,700,3500,6800,0,1,0,0,1,1,1,0.35
3549,4,0,1.5,2499,24999,36000,0,1,0,0,0,0,0,0.823529412
3551,13,10.61538462,2.384615385,176,880,3000,0,1,0,0,1,0,1,10.72
3552,4,0,0.25,2499,24999,33000,0,1,0,0,0,0,0,0.235294118
3572,5,2.8,0.2,5360,26800,49800,0,1,0,0,1,0,0,0.153846154
3578,12,0,4.333333333,133,666,3000,0,1,0,0,1,1,0,4.52
3600,7,1.285714286,0.571428571,1499,14999,20000,0,0,0,0,0,0,0,0.066666667
3602,4,1,0,350,3500,6000,0,0,0,0,0,0,0,0.357142857
3604,4,6.75,0,676,3380,6800,0,2,0,0,1,0,1,0.117647059
3612,12,0,0.166666667,30,68,680,0,1,0,0,1,0,0,2.04
3616,6,0,0.333333333,396,1980,3800,0,2,0,0,1,1,1,0.157894737
3633,9,0,0,30,90,1800,0,1,0,0,1,0,0,0.727272727
3634,12,0,0.083333333,1580,7900,16000,0,1,0,0,1,0,1,0.72
3638,11,0,0.454545455,136,680,1680,0,0,0,0,1,0,0,3
3659,12,11.5,0,396,1980,28000,0,2,0,0,1,0,1,4.04
3662,12,11.5,0,136,680,3200,0,2,0,0,1,0,1,5.72
3684,12,0,1.25,4760,23800,38000,0,1,0,0,1,1,0,0.2
3782,12,11.25,0.416666667,216,1080,4800,0,1,0,0,1,0,1,5.28
3822,4,0,0.25,100,299,800,0,1,0,0,1,0,0,2.764705882
3882,7,1,0,596,2980,4800,0,0,0,0,1,0,0,1.5
3946,13,3.692307692,0.615384615,114,568,3980,0,1,0,0,1,0,1,0.08
3966,12,1,2.75,1960,9800,38000,0,1,0,0,1,1,1,3.8
3969,11,14.63636364,1.818181818,336,1680,3800,0,1,0,0,1,0,1,5.791666667
4075,12,5.25,0.416666667,178,890,3000,0,1,0,0,1,0,0,0.84
4081,12,1.916666667,0.333333333,3760,18800,38000,0,1,0,0,1,0,1,0.28
4134,8,5.5,0.5,460,2300,6800,0,0,0,0,1,0,0,6.80952381
4138,2,0,0,100,499,2900,0,1,0,0,1,0,0,0.733333333
4143,12,0,0.5,133,666,3999,0,1,0,0,1,0,0,1
4193,10,0,0,222,1111,6800,0,2,0,0,1,0,0,0.043478261
4216,12,1,0.083333333,100,171,500,0,2,0,0,1,0,0,0.36
4218,11,1.545454545,0.181818182,30,98,2500,0,2,0,0,1,1,0,0.958333333
4241,11,0.545454545,0.272727273,500,2500,4800,0,1,0,0,1,0,0,4.166666667
4317,12,4,0.5,396,1980,3800,0,2,0,0,1,1,1,3.08
4343,11,6.545454545,0.272727273,222,1111,1980,0,1,0,0,1,0,0,1.666666667
4379,10,0,0.4,1360,6800,15800,0,1,0,0,1,0,0,1.714285714
4411,5,1.2,0.2,140,699,3800,0,2,0,0,1,1,0,3
4412,5,0,0.2,256,1280,3000,1,1,0,1,0,0,1,5.666666667
4504,11,1.090909091,1.090909091,196,980,3800,0,1,0,0,1,0,1,4.541666667
4529,10,12.3,3.5,100,380,5800,0,1,0,0,1,0,1,34.43478261
4574,11,4.181818182,0.272727273,192,960,1500,0,1,0,0,1,0,0,0.666666667
4665,5,15.6,0,160,799,3800,0,1,0,0,0,0,1,1.722222222
4705,7,0,0,156,780,1800,0,0,0,0,1,0,0,0.65
4708,8,5.75,0.125,100,399,980,0,2,0,0,0,0,1,0.476190476
4740,8,1.375,0,200,999,4800,0,1,0,0,0,0,0,0.904761905
4819,9,0,0,132,660,2880,0,1,0,0,1,0,0,0.384615385
4828,11,0.272727273,0.181818182,260,1300,4800,0,0,0,0,1,0,0,0.291666667
4840,15,4.8,0.2,336,1680,6800,0,2,0,0,1,1,1,1
4854,3,0,0.333333333,400,2000,4000,1,1,0,1,0,0,1,1.3125
4885,11,8.363636364,0.727272727,120,598,6800,0,1,0,0,1,1,0,1.916666667
4894,11,0,0.363636364,100,498,4500,0,1,0,0,1,1,0,0.958333333
4905,5,1,0,100,288,2500,0,0,0,0,1,0,0,1.611111111
4909,5,8.2,0.4,100,466,3800,0,1,0,1,1,1,1,9.388888889
5003,5,3.6,0.8,396,1980,4800,0,1,0,0,1,0,1,2.111111111
5014,10,0,0,136,680,1500,0,0,0,0,1,0,0,0.304347826
5055,11,11.90909091,1.454545455,130,650,3000,0,1,0,0,1,1,1,38.91666667
5060,11,7.545454545,0.090909091,196,980,5500,0,1,0,0,1,0,1,7.416666667
5081,3,6,0.666666667,560,2800,9800,0,1,0,0,1,0,0,0
5089,10,2.3,0.1,176,880,1980,0,1,0,0,1,0,1,1.826086957
5090,10,0.6,0,600,3000,5980,0,1,0,0,1,0,0,1.130434783
5106,11,3.818181818,0.090909091,1400,7000,10000,0,0,0,0,0,0,0,0.125
5165,9,0.333333333,0.555555556,100,188,280,0,1,0,0,0,0,0,16.54545455
5193,10,1.5,0.1,5360,26800,35800,0,1,0,0,1,0,0,0.869565217
5231,8,0,0.25,120,599,1200,0,1,0,0,1,0,0,2.619047619
5301,10,3.3,0,916,4580,8800,0,1,0,0,1,1,1,0.565217391
5329,7,0,0,1196,5980,12800,0,0,0,0,1,0,0,0.3
5330,12,0,0.083333333,1960,9800,19800,0,0,0,0,1,0,0,0.2
5366,10,0,0.1,760,3800,9600,0,1,0,0,1,0,1,0.391304348
5380,2,1,0,8000,48000,58000,0,1,0,0,0,0,0,0.266666667
5393,11,0,0.181818182,130,650,1800,0,1,0,0,1,0,0,0
5436,5,1,0,2060,10300,12800,0,1,0,0,0,0,0,0.111111111
5462,6,1,0.166666667,200,999,2568,0,1,0,0,0,1,0,2.473684211
5463,6,0.833333333,0.333333333,1360,6800,9978,0,1,0,0,0,1,0,0.473684211
5486,10,0,0.4,240,1200,2000,0,1,0,0,1,0,0,1.086956522
5505,8,2.75,0.125,11,11,388,0,2,0,0,0,0,0,0.095238095
5523,10,0,0,100,388,4800,0,0,0,0,1,0,0,0.913043478
5539,10,6.1,0.7,256,1280,3000,0,0,0,0,0,0,1,2.833333333
5579,10,1,0.6,840,4200,12000,0,1,0,0,1,1,0,0.695652174
5594,10,8.1,0.6,180,899,3800,0,1,0,0,0,0,1,2.608695652
5612,10,2.3,0.3,216,1080,3000,0,0,0,0,0,0,0,1.875
5634,7,0.571428571,0.142857143,1250,12500,28000,0,1,0,0,0,0,0,0.384615385
5672,10,0,0.1,3760,18800,98000,0,1,0,0,0,0,0,0.086956522
5708,10,1.3,0.5,100,298,1500,0,1,0,0,1,0,0,1.913043478
5710,6,1,0.166666667,256,1280,2780,0,1,0,0,1,0,0,0.263157895
5799,8,0,0.125,276,1380,1980,0,1,0,0,1,0,1,0.761904762
5915,7,6.142857143,0,196,980,2500,0,1,0,0,1,0,1,1.05
5936,9,2.555555556,0,156,780,1900,0,1,0,0,1,0,1,3.954545455
5963,10,3,0,180,900,1900,0,1,0,0,1,0,1,3.304347826
5978,10,2.3,0.4,200,999,5000,0,1,0,0,1,0,1,1.739130435
6100,8,0,0.25,360,3600,5000,0,0,0,0,0,0,0,0.142857143
6116,10,0.1,0.3,451,2256,6800,0,1,0,0,1,0,1,1.086956522
6184,10,1,0.1,100,499,3800,0,1,0,0,1,0,1,0.695652174
6189,9,1.666666667,0.777777778,156,780,3000,0,1,0,0,1,0,1,6.045454545
6205,5,2,0,596,2980,6800,0,1,0,0,1,1,1,0.333333333
6219,8,1,0,158,790,3800,0,1,0,0,1,0,1,4.619047619
6248,10,1.6,0.4,238,1188,3800,0,1,0,0,1,0,1,1.826086957
6267,9,1.333333333,0.111111111,153,766,3500,0,1,0,0,1,1,1,3.681818182
6276,3,5,0,136,680,3800,0,1,0,0,0,0,1,4.9375
6288,8,9.25,1.125,196,980,3800,0,1,0,0,1,0,1,7.476190476
6354,8,13.125,0.25,390,1950,6800,0,1,0,0,1,0,1,0.333333333
6382,8,2,0,156,780,1680,0,2,0,1,1,0,1,6.476190476
6398,8,4.375,0,456,2280,3500,0,2,0,0,1,0,1,2.761904762
6420,9,1.333333333,0,118,589,3800,0,1,0,0,1,1,1,0.454545455
6424,8,14.125,0,680,2980,3576,1,1,0,0,0,0,1,6.714285714
6466,10,0,0,120,598,1980,0,1,0,0,1,0,0,1.368421053
6507,7,2.857142857,0.142857143,138,688,1500,0,2,0,0,1,0,1,0.3
6531,14,0,3.857142857,336,1680,6800,0,1,0,0,1,1,1,103.36
6533,9,0,0.111111111,456,2280,5800,0,0,0,0,0,0,1,1.045454545
6539,13,13.53846154,1.384615385,158,789,3800,0,1,0,0,1,0,1,33.16
6541,9,0,2.222222222,30,88,980,0,0,0,0,1,0,0,3.409090909
6555,9,0,0.111111111,2760,13800,19800,0,2,0,0,1,0,0,0
6597,9,5.111111111,0.111111111,776,3880,8800,0,1,0,0,1,0,1,1.727272727
6661,8,0.75,0,1760,8800,16800,0,0,0,0,1,0,0,0.05
6683,8,2.125,0,100,380,9800,0,1,0,0,1,0,0,0.142857143
6699,8,1.75,0.5,496,2480,68000,0,0,0,0,1,0,0,18.04761905
6701,10,1.1,0.4,1800,8999,28000,0,1,0,0,1,0,0,0.260869565
6741,4,3,0,200,980,2880,0,1,0,0,1,0,0,0.307692308
6750,1,4,0,240,1199,6999,0,1,0,0,1,0,1,0.571428571
6775,10,3.4,0.1,3960,19800,46000,0,1,0,0,1,0,0,0.130434783
6883,7,0,0.142857143,176,880,6800,0,2,0,0,1,1,1,0.85
6885,10,0,0.6,1040,5200,8800,0,1,0,0,1,0,0,0.956521739
6951,9,3.666666667,0,263,1314,4800,0,1,0,0,1,0,1,0.409090909
6954,9,13.55555556,0,680,1699,3500,1,1,0,0,0,0,1,2.772727273
6956,9,0,0.444444444,156,780,3000,0,2,0,0,1,1,1,9.590909091
6980,4,1,0,200,1000,2000,0,1,0,0,1,0,0,0.882352941
7014,9,6.444444444,1.222222222,116,580,3900,0,1,0,0,1,0,0,7.681818182
7048,9,1.888888889,0.111111111,30,98,199,0,1,0,0,1,0,0,0.454545455
7074,9,5.111111111,0.111111111,600,2999,9800,0,1,0,0,1,0,0,0.681818182
7075,8,0,0.25,100,380,1980,0,0,0,0,1,0,0,1.611111111
7088,8,0,0.25,100,380,980,0,0,0,0,1,0,0,4.904761905
7110,7,0,0.142857143,336,1680,2580,0,0,0,0,1,0,0,2
7145,9,13.55555556,0.444444444,296,1480,3000,0,2,0,0,0,0,1,3.181818182
7164,9,1,0,176,880,2380,0,1,0,0,1,0,1,2.318181818
7224,8,4.375,0,30,100,5800,0,2,0,0,1,0,1,7.047619048
7276,6,6.5,0.166666667,113,566,3800,0,1,0,0,1,0,1,3.052631579
7286,9,0.333333333,0.111111111,116,580,1980,0,1,0,0,0,0,0,0.090909091
7292,1,9,0,116,580,2580,0,1,0,0,1,1,0,0.357142857
7309,1,0,0,30,98,1200,0,1,0,0,1,0,0,0.285714286
7321,6,5.166666667,0.166666667,8000,48000,60000,0,2,0,0,1,0,0,0.263157895
7327,9,3,1,796,3980,8800,0,1,0,0,1,1,1,1.909090909
7335,4,0.25,0.25,100,188,1000,0,1,0,0,1,0,0,1.235294118
7360,9,0,0.777777778,396,1980,7980,0,0,0,0,1,0,0,20.59090909
7389,7,0.714285714,0,120,600,1500,0,0,0,0,1,0,0,0.85
7421,8,0.5,0,196,980,1800,0,1,0,0,0,0,0,0.238095238
7455,9,0.666666667,0.222222222,30,48,800,0,2,0,0,1,0,0,0.318181818
7490,9,1.777777778,0.888888889,256,1280,5800,0,2,0,0,1,1,1,14.36363636
7492,9,0.444444444,2.444444444,138,688,4500,0,2,0,0,1,1,1,28.59090909
7507,8,13.125,0.5,138,688,5800,0,2,0,0,1,1,1,2.476190476
7520,5,1.8,0,196,980,2998,0,0,0,0,1,0,0,0.222222222
7524,9,0.666666667,0.111111111,30,59,580,0,1,0,0,0,0,0,2.210526316
7533,8,5.375,0.25,11,11,1000,0,0,0,0,0,0,0,2.142857143
7565,5,2,0.2,360,1800,3800,1,1,0,0,0,0,1,1.222222222
7766,7,2.857142857,0.428571429,100,199,2500,0,1,0,0,1,0,0,2.2
7767,9,1.222222222,0,11,11,100,0,0,0,0,0,0,0,1.318181818
7769,9,13.55555556,0.333333333,100,466,3800,0,1,0,0,1,0,1,7.636363636
7779,2,0,0,11,11,2800,0,2,0,0,0,0,0,0.733333333
7809,9,0,0.222222222,256,1280,3800,0,2,0,0,1,0,1,1.136363636
7844,5,5.4,0,800,3999,9800,0,1,0,0,1,1,1,0.777777778
7853,9,6.666666667,2.222222222,30,100,3800,0,2,0,0,1,0,1,5.090909091
7860,12,1.833333333,0.083333333,4000,40000,55000,1,1,0,0,0,0,0,0.384615385
7861,9,5.222222222,0.555555556,133,666,1500,0,1,0,0,1,0,1,10.18181818
7869,2,3.5,0,8000,59800,98000,0,1,0,0,1,0,0,0.2
7870,5,2.4,0.2,1080,5400,9000,0,1,0,0,1,0,0,0.888888889
7916,9,1.888888889,0.222222222,100,199,3000,0,1,0,0,1,0,0,3.318181818
7917,9,0,0.111111111,100,218,2000,0,0,0,0,1,0,0,2.909090909
7954,9,4.111111111,1.222222222,160,799,6800,0,2,0,0,1,0,1,12.63636364
7974,9,0,0,1120,5600,14400,0,0,0,0,1,0,0,1.363636364
7979,1,5,0,100,299,1280,0,1,0,0,1,0,0,0.642857143
8073,8,1,0.25,256,1280,2180,0,0,0,0,0,1,0,0.80952381
8077,7,14.57142857,0.428571429,656,3280,6800,0,1,0,0,1,0,1,0.85
8078,4,11.75,1.25,156,780,4580,0,1,0,0,1,0,1,1.588235294
8090,3,1,0,100,112,360,0,1,0,0,1,0,0,2.4375
8093,8,1.25,0.125,900,4500,9800,0,1,0,0,1,0,0,0.19047619
8098,6,1,0.166666667,242,1212,3000,0,1,0,0,1,0,0,0.157894737
8182,2,3,0,1800,8999,12800,0,1,0,0,1,0,0,0.133333333
8251,9,8.555555556,0.777777778,100,465,3800,0,2,0,0,1,0,1,15.13636364
8283,9,4,1.555555556,2560,12800,50000,0,1,0,0,1,1,0,2.227272727
8312,2,0,0.5,2960,14800,36000,0,1,0,0,1,0,0,0.066666667
8316,17,0,0.470588235,360,1800,5980,0,1,0,0,1,1,1,0.28
8351,7,2.428571429,0,100,380,3000,0,2,0,1,1,0,0,0.1
8418,6,1,0,1000,20500,27000,1,1,0,0,0,0,1,1.352941176
8466,3,0,0.333333333,30,88,2500,0,1,0,0,1,0,0,0
8482,3,1,0,236,1180,1980,0,1,0,0,1,0,1,0.625
8508,7,1.857142857,0,121,606,5800,0,1,0,0,1,0,1,1.642857143
8514,4,2.75,0.75,100,499,1800,0,2,0,0,1,0,0,6.705882353
8600,8,1.25,0,2200,11000,19800,0,1,0,0,0,0,0,0.095238095
8608,7,1.571428571,0,30,58,200,0,1,0,0,0,0,0,0.15
8645,12,6.25,0.416666667,196,980,4800,0,0,0,0,1,0,1,0.12
8648,6,3,0.166666667,188,938,1580,0,1,0,0,1,0,0,0.315789474
8691,8,8.5,5.75,138,688,1200,0,1,0,0,0,0,1,29.42857143
8767,2,4.5,0.5,100,398,1280,0,1,0,0,1,0,0,0.466666667
8810,8,0,0,200,999,3200,0,1,0,0,1,0,0,1.095238095
8811,8,7.25,0.25,136,680,6800,0,1,0,0,1,0,1,1.095238095
8820,6,2.666666667,0,136,680,1680,0,1,0,0,1,0,0,0.894736842
8853,6,0.333333333,0.666666667,30,68,3000,0,1,0,0,1,0,0,0.052631579
8860,6,2.833333333,0,100,288,1500,0,1,0,0,0,0,0,0.578947368
8875,3,1,0,164,820,3800,0,1,0,0,1,1,1,2.0625
8886,8,0,0,30,99,880,0,2,0,0,1,0,0,0.047619048
8913,7,7.857142857,0.142857143,2360,11800,48000,0,1,0,0,1,0,1,0.1
8929,6,2,0.166666667,196,980,2000,0,2,0,0,1,0,1,0.533333333
8981,5,6.4,0.4,196,980,3800,0,0,0,0,1,0,0,0.111111111
8983,8,9.375,0.25,100,460,3800,0,2,0,0,1,0,1,12.0952381
8984,2,2,0,100,298,2200,0,1,0,0,1,0,0,1.266666667
9013,4,2,0.25,200,1000,7800,0,2,0,0,1,0,1,1.117647059
9019,8,0,1.25,30,88,980,0,1,0,0,1,0,0,8.619047619
9125,8,4.125,0.375,150,750,3000,0,0,0,0,1,0,0,1.5
9128,7,0.285714286,0,30,60,500,0,0,0,0,1,0,0,0.529411765
9162,3,16,0,124,466,3000,0,1,0,1,1,0,1,4.75
9168,7,1,2.857142857,1360,6800,12800,0,1,0,0,1,1,0,5.95
9200,17,6.352941176,1.294117647,1160,5800,8800,0,1,0,0,0,0,0,1.92
9205,8,0.75,0.625,216,1080,3800,0,1,0,0,1,0,1,0.619047619
9224,5,12,0,400,1999,6800,0,2,0,1,1,0,1,3.277777778
9232,8,1,0.625,196,980,6800,0,1,0,0,1,1,1,4.476190476
9272,1,8,0,560,2800,12800,0,2,0,0,1,0,1,0.642857143
9300,17,0.352941176,0.058823529,1000,4999,11980,0,2,0,1,1,0,1,1.64
9308,4,17.5,0,160,800,2300,0,1,0,0,1,0,1,2
9311,8,5.375,1.25,160,800,1200,0,1,0,0,0,0,0,17.9047619
9313,2,1,0,500,26500,40000,1,1,0,0,0,0,0,1.2
9314,8,1.625,3.5,150,750,1500,0,1,0,0,0,0,0,9.142857143
9328,8,2.625,0,1560,7800,20400,0,0,0,0,1,0,0,3.857142857
9349,6,0,0,396,1980,5800,0,1,0,0,1,0,1,0.571428571
9363,7,2.428571429,0.142857143,2500,28000,60000,0,1,0,0,0,0,0,0.35
9377,7,15.28571429,0,100,466,3800,0,2,0,0,1,0,1,6.2
9378,6,0.833333333,0,760,3800,6800,0,1,0,0,1,0,1,0.631578947
9394,7,0,0.142857143,2000,9999,28000,0,0,0,0,1,0,0,0.2
9398,1,0,0,336,1680,4800,0,1,0,0,1,0,1,0.214285714
9412,7,0,0,296,1480,3800,0,1,0,0,1,0,0,0.95
9520,3,4.666666667,0,133,666,3888,0,1,0,0,1,0,1,0.75
9557,3,2.666666667,0.666666667,6000,29999,68000,0,1,0,0,1,0,0,0.3125
9560,7,0,0,480,2399,6000,0,1,0,0,1,0,0,0.55
9610,4,2,0,100,380,1800,0,1,0,0,1,0,0,0.235294118
9623,5,0,0.2,100,398,1000,0,1,0,0,1,0,0,2.333333333
9625,3,2.666666667,0,400,1999,18000,0,1,0,0,1,1,1,6.8125
9640,6,0,0.5,176,880,3800,0,1,0,0,1,0,0,0
9648,2,2,0.5,1960,9800,28800,0,1,0,0,1,1,0,0.133333333
9670,7,0,0.142857143,196,980,2580,0,1,0,0,1,0,0,0.105263158
9673,7,15.28571429,1.857142857,136,680,1800,0,1,0,0,1,0,1,12.2
9682,7,9.571428571,2.571428571,176,880,5780,0,0,0,1,1,1,0,35.85
9766,4,2.5,0,116,580,1800,0,1,0,0,1,0,1,0.529411765
9804,7,0.285714286,0.142857143,118,588,3800,0,1,0,0,1,0,1,10.8
9812,5,0.2,0,4160,20800,56800,0,1,0,0,1,0,0,0.055555556
9828,4,10.25,0.25,560,2800,15800,0,1,0,1,1,0,0,16.41176471
9842,3,0.666666667,0,116,580,2880,0,0,0,0,1,0,0,0.8125
9860,6,16,0.666666667,276,1380,6800,0,0,0,0,1,0,1,1.684210526
9861,7,2.428571429,0.142857143,100,498,1980,0,1,0,0,1,0,1,1.85
9888,7,2,0.142857143,100,399,1100,0,1,0,0,0,0,0,2.3
9897,9,13.55555556,0.111111111,100,466,2500,0,1,0,0,1,0,1,1.272727273
9915,7,2,0.428571429,326,1630,6800,0,1,0,0,0,0,0,9.65
9921,7,2.571428571,0,100,121,1000,0,1,0,0,1,1,0,1.8
9936,3,1,0,100,380,3600,0,1,0,0,1,1,0,0.375
9937,7,9.714285714,0.285714286,100,380,1280,0,1,0,0,0,0,1,2
9941,7,3.857142857,0.571428571,156,780,3800,0,1,0,0,0,0,1,3.25
9981,12,1.583333333,0.5,100,349,2400,0,1,0,0,1,0,1,2.88
10000,7,2.857142857,1.142857143,132,660,5800,0,1,0,1,1,0,0,3.7
10009,7,1.571428571,0,176,880,2000,0,1,0,0,1,0,0,1.25
10046,7,1.428571429,0,100,198,1200,0,2,0,0,0,0,0,0.45
10071,7,7.428571429,0.857142857,100,212,5880,0,1,0,0,0,0,1,2.55
10083,7,0.428571429,1,1160,5800,12750,0,1,0,0,1,0,1,0.9
10100,7,0,0.428571429,976,4880,6800,0,1,0,0,0,0,0,0.1
10122,7,1,0.142857143,100,498,1999,0,2,0,0,1,0,1,0.55
10124,8,0,0.875,100,379,3980,0,2,0,1,1,0,1,1.333333333
10135,7,1.428571429,0,30,88,680,0,2,0,0,1,0,0,0.05
10149,7,6.571428571,3.285714286,100,380,4800,0,1,0,0,1,0,0,10.05
10158,7,0,0,116,580,1500,0,1,0,0,1,0,0,0.615384615
10191,7,1.571428571,0.142857143,110,550,960,0,0,0,0,1,0,0,1.45
10217,13,1.153846154,0.384615385,1778,8888,29800,0,1,0,0,1,0,0,1.24
10232,20,0,0.05,720,3600,5800,0,1,0,0,1,0,0,0.04
10236,6,11,0.166666667,176,880,6800,0,1,0,0,1,1,0,4.157894737
10239,6,0,0.333333333,30,98,298,0,1,0,0,0,0,0,0.368421053
10242,7,0,0.285714286,196,980,4800,0,1,0,0,1,0,1,1.3
10250,7,0,0.285714286,100,480,1500,0,0,0,0,1,0,0,3.4
10269,8,5.5,0.125,336,1680,2880,0,2,0,0,1,1,1,7.761904762
10300,9,0,0.111111111,104,520,8800,0,1,0,0,1,1,1,0.272727273
10314,7,2.857142857,0.857142857,131,655,1280,0,2,0,0,1,0,1,9.1
10342,3,12,0.333333333,156,780,3000,0,1,0,0,1,1,1,2
10364,7,0,0.142857143,2560,12800,16800,0,1,0,0,1,0,0,0.052631579
10367,7,0.714285714,0.714285714,560,2800,4800,0,0,0,0,0,0,0,0.2
10392,5,0,1.2,100,128,1000,0,0,0,0,1,1,0,8.888888889
10400,4,3.5,0,104,520,8800,0,1,0,0,1,1,1,0.823529412
10414,7,0,0,120,599,1580,0,0,0,0,0,0,0,0.1
10429,6,0,0.333333333,240,1200,1800,0,1,0,0,1,0,1,3
10435,7,2.714285714,0,996,4980,8800,0,1,0,0,1,0,1,0.95
10439,2,1,0.5,100,266,3000,0,0,0,0,1,0,0,0.133333333
10458,7,0,0.714285714,30,66,680,0,1,0,0,1,1,0,4.25
10465,6,0,0.666666667,100,288,1500,0,0,0,0,1,0,0,1.421052632
10489,7,1,0.571428571,520,2600,3600,0,1,0,0,1,0,1,1.133333333
10490,7,0.714285714,0,30,58,598,0,0,0,0,1,0,0,1.05
10502,6,5,0,500,7500,13000,1,1,0,0,0,0,1,0.357142857
10503,3,1,0,500,8500,15000,1,1,0,0,0,0,0,0.333333333
10513,5,0,0,998,4990,5000,1,1,0,0,0,0,1,0.611111111
10516,7,10.28571429,0.857142857,760,3800,8800,0,2,0,0,1,0,0,0.85
10518,6,3,0,1832,9160,14000,1,1,0,0,0,0,0,0.842105263
10549,7,1.571428571,1.285714286,30,98,2800,0,1,0,0,0,0,0,9.6
10569,5,5.4,0.2,1000,13400,24000,1,1,0,0,0,0,0,0.777777778
10590,7,0,0.857142857,100,198,2500,0,2,0,0,1,1,0,3.1
10596,7,0,0.142857143,100,288,4800,0,1,0,0,1,0,0,0.3
10602,7,4,1.142857143,100,380,1800,0,0,0,0,1,0,0,3.15
10640,2,3,0,3760,18800,45000,1,1,0,0,0,0,0,0.266666667
10644,6,5.166666667,0,3778,18888,25000,1,1,0,0,0,0,0,0.315789474
10657,6,0,0.666666667,100,299,3800,0,2,0,0,1,0,0,2.052631579
10674,7,0.857142857,0.142857143,140,699,980,0,1,0,0,1,0,1,0.3
10678,7,0,0.142857143,100,138,300,0,0,0,0,1,0,0,1.5
10689,1,0,0,11,11,380,0,2,0,0,0,0,0,0.785714286
10698,6,3.166666667,0,100,3600,3800,1,1,0,0,0,0,0,0.533333333
10703,6,0,0,600,2999,12800,0,1,0,0,1,0,0,0.052631579
10717,4,12.75,0.25,100,500,2400,0,1,0,1,1,1,1,4.882352941
10738,20,1,0.2,480,4800,5000,0,0,0,0,0,0,0,0.04
10774,7,10.28571429,0.285714286,120,599,3980,0,1,0,0,1,0,1,0.75
10817,6,0,0.833333333,100,468,6800,0,1,0,0,1,0,1,3.285714286
10844,4,17.5,0.25,200,999,3800,0,1,0,0,1,0,1,13.52941176
10871,6,0,0.166666667,8000,49999,128000,0,1,0,0,1,0,1,1
10877,5,0,0,2160,10800,12800,0,1,0,0,1,0,1,0.083333333
10882,6,0,0.166666667,116,580,39800,0,1,0,0,1,0,0,0.894736842
10883,5,0,0.4,30,98,3800,0,1,0,0,1,0,0,3.333333333
10885,6,0.166666667,0.333333333,396,1980,4200,0,1,0,0,1,1,1,1.631578947
10917,3,5.666666667,0.333333333,100,499,699,0,1,0,0,1,1,1,2.9375
10919,4,0,0.5,560,2800,4800,0,1,0,0,1,0,1,3.176470588
10932,7,0,0.142857143,1880,18800,23800,0,1,0,0,0,0,0,0.25
10950,7,0,0.285714286,276,1380,3800,0,1,0,0,0,0,0,2.9
10961,7,0.857142857,0.571428571,30,60,680,0,1,0,0,1,0,0,5.05
10973,7,1.714285714,1.285714286,136,680,2500,0,0,0,0,1,0,0,2.45
10985,7,1.142857143,0.285714286,30,68,980,0,2,0,0,1,0,0,2.65
10986,6,1.666666667,0,100,288,1280,0,1,0,0,1,0,0,0.315789474
10988,7,3.142857143,0.714285714,100,466,1980,0,2,0,1,1,0,1,2.8
10992,7,0,0.428571429,100,121,698,0,1,0,0,1,0,0,2.8
10993,6,1,0.166666667,100,128,780,0,1,0,0,1,0,0,0.631578947
11021,5,8.2,0.8,176,880,8000,0,1,0,0,1,0,1,1.928571429
11022,1,6,1,796,3980,8800,0,2,0,0,1,0,1,0
11025,7,2.428571429,0,960,4800,9800,0,2,0,0,1,0,0,0.1
11030,7,1.571428571,0,100,358,980,0,1,0,0,1,0,0,5.45
11044,9,2,0.888888889,2200,11000,12800,0,1,0,0,0,0,1,0.1
11063,6,0,0,396,1980,3800,0,1,0,0,1,0,1,0.2
11066,5,2.4,0,124,620,1888,0,1,0,0,0,0,1,0.111111111
11071,6,0,0.166666667,196,980,2600,0,1,0,0,1,0,1,0.529411765
11077,6,6.833333333,1.333333333,760,3800,8800,0,1,0,0,1,0,1,0.052631579
11089,4,19.75,1,176,880,3000,0,2,0,0,1,0,1,28.94117647
11095,7,4.285714286,0.857142857,150,750,3280,0,1,0,0,0,0,0,4.4
11096,7,0,0.142857143,120,598,1280,0,0,0,0,0,0,0,5.111111111
11099,6,1,0.333333333,1996,9980,19800,0,1,0,0,1,1,0,1.947368421
11102,7,9,0.857142857,196,980,7900,0,0,0,0,0,0,0,19.2
11120,5,5.8,0.8,122,612,2880,0,2,0,0,1,0,1,29.44444444
11138,6,0.333333333,0.166666667,336,1680,5800,0,1,0,0,1,0,1,0.736842105
11157,5,4.2,0.2,3000,15000,32000,1,1,0,0,1,0,0,0.222222222
11163,2,1,0,100,113,254,0,1,0,0,0,0,0,3.2
11166,2,1,0,100,420,882,0,1,0,0,0,0,0,0.266666667
11177,5,2,0,396,1980,6800,0,1,0,0,1,0,1,0.555555556
11180,7,1,0.285714286,30,99,580,0,1,0,0,1,0,0,1.9
11188,6,1.166666667,0,120,598,3000,0,1,0,0,1,0,0,0.526315789
11190,6,3,0,256,1280,12800,0,1,0,0,1,0,1,0.052631579
11198,6,5.5,0,576,2880,7000,0,2,0,0,1,0,1,0.421052632
11212,6,1,0.166666667,360,1800,3500,0,1,0,0,1,0,1,0.052631579
11213,3,0,0.333333333,1200,5999,75000,0,1,0,0,1,0,0,0.25
11251,5,4.2,0.2,780,3900,9800,0,1,0,0,1,0,0,0.222222222
11288,8,0,0.125,178,888,3800,0,1,0,0,1,0,0,1.263157895
11295,2,0,0.5,760,3800,12800,0,1,0,0,1,0,1,1.4
11304,3,5,0.333333333,796,3980,6800,0,1,0,0,1,0,0,1.1875
11328,7,1.857142857,1.571428571,160,799,6800,0,1,0,0,1,0,1,8.75
11329,6,0,0,100,188,4800,0,1,0,0,1,0,1,1.684210526
11334,6,0,0,100,480,680,0,2,0,0,1,0,1,0.368421053
11345,7,0.285714286,0,796,3980,19800,0,1,0,1,1,1,1,2.05
11346,4,1.5,0,680,3400,18000,0,2,0,0,1,1,0,3.411764706
11347,2,0,0.5,316,1580,6000,0,1,0,0,1,0,0,2.866666667
11353,3,0,0.333333333,200,999,1280,0,1,0,0,1,0,1,0.125
11379,6,2,0.333333333,180,899,3680,0,1,0,0,1,1,0,0.157894737
11395,6,10.33333333,0.333333333,600,3000,3800,0,1,0,0,0,1,1,3
11402,6,0,0.5,500,2500,3500,1,1,0,0,0,0,1,0.210526316
11408,4,2,0.25,400,2000,3000,1,1,0,0,0,0,1,2.352941176
11409,4,0.25,0,196,980,8000,0,2,0,0,1,1,0,0.588235294
11414,6,0,0,30,98,380,0,1,0,0,1,0,0,0.263157895
11417,5,3.4,0,120,599,2500,0,1,0,0,1,0,0,0.222222222
11418,6,1,0,1000,5000,8000,0,1,0,0,1,0,0,1.368421053
11495,2,0,0.5,160,800,7800,0,1,0,0,1,0,0,5.866666667
11496,6,5.166666667,0,1760,8800,48000,0,2,0,0,1,0,0,1.736842105
11497,1,2,1,800,4000,8800,0,1,0,0,1,0,1,0.642857143
11505,3,3.666666667,0,760,3800,5800,0,1,0,0,1,0,1,0.5625
11510,1,1,1,2560,12800,19800,0,2,0,0,1,0,1,0.642857143
11521,5,7.8,1,100,480,3800,0,1,0,0,1,0,0,1.555555556
11644,1,3,1,476,2380,12800,0,2,0,0,1,0,0,0.357142857
11651,5,2.4,0.4,120,600,1680,0,0,0,0,1,0,0,1.5
11654,7,1,0.714285714,216,1080,4880,0,1,0,0,1,0,0,1.1
11687,13,0.384615385,0.692307692,200,999,5800,0,1,0,0,1,0,0,0.2
11732,6,0.666666667,0.333333333,400,1999,5800,0,1,0,0,1,0,1,1.368421053
11793,6,1,0.5,400,1999,5000,0,1,0,0,1,0,0,1.473684211
11795,5,5.8,0.2,2400,11999,32000,0,1,0,0,1,0,1,3.944444444
11823,6,0,0.833333333,256,1280,6000,0,1,0,0,1,0,0,4.578947368
11838,6,4.833333333,0.833333333,160,799,6800,0,1,0,1,1,1,1,5.421052632
11878,6,0,0.5,100,398,3800,0,1,0,0,0,0,1,17.05263158
11880,2,1,0,158,788,2000,0,2,0,0,1,0,1,4
11883,4,1.25,0,256,1280,5800,0,1,0,0,1,0,1,0.235294118
11903,1,2,0,1990,19900,42000,0,1,0,0,0,0,0,0.8
11930,6,3,0.166666667,240,1200,4000,0,1,0,0,1,0,1,1
11936,1,8,0,336,1680,6000,0,1,0,0,1,0,1,2
11969,6,3.333333333,0.166666667,196,980,3500,0,1,0,0,1,0,1,1.315789474
12082,1,0,0,3520,17600,29800,0,1,0,0,1,0,0,0.5
12112,6,0,0,100,120,580,0,2,0,0,1,0,0,2.631578947
12127,6,5.5,0,1960,9800,15000,0,1,0,0,1,0,0,1
12128,6,2.833333333,0,100,128,260,0,1,0,0,1,0,0,0.578947368
12164,6,1.333333333,0.166666667,340,1699,5000,0,0,0,0,1,0,0,0.705882353
12169,6,0,0,100,388,2200,0,1,0,0,1,1,1,0.315789474
12187,6,0,1,5360,26800,188888,0,1,0,0,1,0,0,8.368421053
12189,6,10.16666667,0.5,196,980,3600,0,1,0,0,0,0,1,0.894736842
12221,6,4.666666667,0,476,2380,4800,0,1,0,0,1,0,1,0.473684211
12268,6,1,1.333333333,100,199,1280,0,2,0,0,1,0,0,2.894736842
12301,2,8,0,2520,12600,17000,0,1,0,0,1,0,1,3.2
12311,6,0,3.333333333,276,1380,8800,0,1,0,0,1,0,0,6.157894737
12399,6,1,0.333333333,136,680,3800,0,1,0,0,1,0,0,3.894736842
12416,5,1.2,0,100,199,2800,0,1,0,0,1,0,1,2.888888889
12420,6,0.5,0.5,236,1180,3850,0,1,0,0,0,0,1,7.368421053
12422,6,2,0.333333333,100,488,2800,0,1,0,0,0,0,1,4.315789474
12509,5,15.6,1.6,176,880,3800,0,2,0,1,1,0,1,21.88888889
12626,6,0,0.166666667,476,2380,6800,0,1,0,0,1,0,1,0.210526316
12634,6,0,1,176,880,3800,0,1,0,0,1,0,1,2.105263158
12642,10,1.2,1.5,156,780,1800,0,2,0,1,1,0,1,2.913043478
12647,6,0,0.166666667,100,199,3800,0,1,0,0,1,0,0,0.578947368
12662,4,16,0.25,256,1280,1680,0,1,0,0,0,0,1,1.882352941
12684,4,0,0.25,30,65,288,0,1,0,0,1,0,0,1.5
12703,2,1,0,200,1000,9800,0,1,0,1,1,0,0,0.533333333
12714,6,2,0.166666667,133,666,6800,0,1,0,0,1,0,1,1.421052632
12762,5,0.6,0.4,30,66,680,0,2,0,0,1,0,0,0.611111111
12773,8,6.125,0.5,196,980,3680,0,1,0,1,1,1,1,1.761904762
12779,4,0,0,1056,5280,7800,0,1,0,0,1,0,1,0.764705882
12795,2,1,0.5,176,1680,9800,0,2,0,1,1,0,1,1.866666667
12801,6,8,0.166666667,456,2280,4800,0,1,0,0,1,0,1,1.894736842
12804,7,0,0.142857143,120,599,3280,0,1,0,0,1,1,1,1.6
12807,5,0,0.4,100,171,3500,0,2,0,0,1,0,0,1
12836,2,2,0,1560,7800,16800,0,1,0,0,1,1,0,0.933333333
12853,1,0,0,100,299,3800,0,2,0,0,1,0,0,1.428571429
12885,6,2.666666667,0.333333333,100,198,980,0,2,0,0,1,0,0,1.315789474
12915,2,4,0,7160,35800,45000,0,1,0,1,1,1,0,0.733333333
12940,4,0.5,0,138,688,6800,0,1,0,0,1,1,0,1.058823529
13002,21,2.142857143,0.142857143,3796,18980,30400,0,1,0,1,1,0,1,0.28
13068,3,12.33333333,0.333333333,596,2980,5800,0,2,0,1,1,0,1,1.625
13090,6,2,0.5,100,480,1800,0,0,0,0,0,0,0,0.421052632
13109,6,2,0.5,100,500,500,0,1,0,0,1,0,0,2.526315789
13115,6,0,3.5,100,298,1998,0,0,0,0,1,0,0,13.47368421
13139,4,0,0,4560,22800,29800,0,1,0,0,1,0,0,0.4
13201,5,1,0.2,296,1480,6000,0,0,0,0,1,0,0,1.555555556
13204,5,0.8,0.4,330,3300,3900,0,0,0,0,0,0,0,0.777777778
13218,4,1,0.5,1300,13000,15000,0,0,0,0,0,0,0,1.058823529
13231,6,0,0.833333333,970,9700,11000,0,0,0,0,0,0,0,1.157894737
13234,3,0,0.333333333,1360,6800,16800,0,2,0,0,1,0,1,0.5
13235,6,17.66666667,0.5,440,2200,3200,1,1,0,0,0,0,1,4.789473684
13299,13,11,0.461538462,456,2280,9800,0,2,0,0,1,0,1,0.2
13334,5,6.8,0,200,999,2980,0,1,0,0,1,0,1,2.555555556
13368,3,0,0,100,500,1980,0,2,0,0,1,0,0,0.4375
13399,4,5.75,1,1760,8800,19800,0,1,0,1,1,0,0,1.470588235
13401,5,0.2,0,5960,29800,39800,0,1,0,0,1,0,0,0.166666667
13405,4,0.75,0.25,3960,19800,29800,0,1,0,0,1,0,1,0.058823529
13416,5,0,0,396,1980,7800,0,1,0,0,1,1,1,0.111111111
13471,9,6.777777778,0.111111111,776,3880,12800,0,2,0,0,1,1,1,2.954545455
13501,5,0,0.4,160,800,3980,0,1,0,0,1,1,0,1
13505,5,0,0.2,30,58,380,0,1,0,0,1,0,0,0.166666667
13533,4,0,0,136,680,3800,0,1,0,0,1,0,0,0.470588235
13589,4,0.25,0.5,116,580,2800,0,0,0,0,1,0,0,0.705882353
13607,1,9,0,196,980,2800,0,1,0,0,1,0,1,1.142857143
13629,3,2,0.666666667,192,960,6800,0,1,0,0,1,0,0,1.6875
13665,5,5.8,1.6,5960,29800,58000,0,1,0,0,1,0,1,3.555555556
13671,5,0,0.6,196,980,1980,0,1,0,0,1,0,0,1.388888889
13674,1,7,1,100,499,1500,0,1,0,0,1,1,1,1.785714286
13689,5,12,0,196,980,3800,0,1,0,0,1,0,1,0.555555556
13697,1,0,0,30,98,1480,0,1,0,0,1,0,0,3.357142857
13735,5,2.4,1.6,800,4000,6500,1,1,0,0,0,0,1,15
13741,4,0,0.5,140,699,3980,0,1,0,0,1,0,1,2.117647059
13749,5,0,0.2,200,999,3980,0,0,0,0,1,0,1,1.666666667
13779,5,5,0,176,880,4800,0,2,0,0,1,0,1,3.944444444
13821,1,2,0,3960,19800,68000,0,2,0,0,1,1,0,0.071428571
13834,3,0.666666667,1,456,2280,5800,0,2,0,0,1,0,1,1.0625
13848,2,0.5,0,1578,7888,16800,0,1,0,0,1,0,0,0.2
13864,5,3.2,1.4,530,2650,4650,0,1,0,0,1,0,1,7.333333333
13887,6,0,0.166666667,7200,36000,45000,1,1,0,0,0,0,0,2.421052632
13904,5,0,0,11,11,660,0,2,0,0,0,0,0,0.222222222
13907,5,0,0,100,199,1000,0,0,0,0,1,0,0,0.722222222
13999,5,1.6,0.6,19,19,1000,0,0,0,0,0,0,0,3.555555556
14068,5,3,0,100,188,1680,0,0,0,0,1,0,0,0.444444444
14115,5,10.4,0.2,100,398,3800,0,1,0,0,1,0,0,0.222222222
14162,5,3,0,100,368,5000,0,2,0,0,1,0,0,1.444444444
14163,7,0.857142857,0.428571429,176,880,2580,0,0,0,0,1,0,1,0.35
14171,3,2,0,132,660,3500,0,1,0,0,1,0,0,0.25
14187,5,0,0.2,30,48,580,0,0,0,0,1,0,0,3.555555556
14211,5,5.8,0.4,156,780,5000,0,0,0,0,1,0,0,2.5
14213,4,1.75,0,6000,30000,50000,0,1,0,0,1,0,0,0.058823529
14240,2,1,0,700,3500,6800,0,1,0,0,1,0,1,1.066666667
14265,4,1.75,1,456,2280,3880,0,1,0,0,1,0,1,3.352941176
14287,1,0,0,3366,16830,28000,0,1,0,0,1,0,0,0.071428571
14320,5,0,0.2,280,2800,3500,0,0,0,0,0,0,0,0.111111111
14362,5,0,0,196,980,3800,0,1,0,0,1,0,1,0.722222222
14407,4,0.75,0,130,651,1980,0,0,0,0,0,0,1,0.875
14445,5,1,0,316,1580,4500,0,2,0,0,1,0,0,1
14467,4,3.75,0,138,688,1800,0,1,0,0,1,1,0,0.470588235
14470,5,0.6,0,100,388,2980,0,1,0,0,0,0,0,0.333333333
14484,5,0,0.4,196,980,3800,0,1,0,0,1,0,1,0.666666667
14537,19,0,0.105263158,760,3800,7800,0,2,0,0,1,1,1,0.04
14568,3,0,0.333333333,196,980,3800,0,1,0,0,1,0,0,0.6
14590,7,6.428571429,0.428571429,560,2800,12800,0,1,0,1,1,0,1,4.65
14611,5,1,1.6,176,880,3900,1,1,0,0,0,0,0,2.388888889
14666,4,1.5,0.25,1760,8800,39800,0,0,0,0,1,1,0,0.083333333
14685,4,0,0,120,599,1200,0,1,0,0,1,0,0,0.235294118
14700,1,3,0,1240,6180,9800,1,1,0,0,0,0,0,0.785714286
14778,15,0.533333333,0.066666667,1960,9800,32800,0,1,0,0,1,0,0,0.166666667
14798,4,3,0.25,100,380,880,0,0,0,0,0,0,0,0.25
14827,3,3,0.666666667,2800,47000,48000,0,1,0,0,0,0,0,0.375
14839,4,2,0.25,100,380,1500,0,1,0,0,1,0,0,7.705882353
14844,2,2,0.5,1376,6880,15000,0,1,0,0,1,0,1,3.2
14845,4,1.75,0.25,100,299,400,0,1,0,0,1,0,0,1.235294118
14878,4,2,0.25,5360,26800,38000,0,1,0,0,1,0,0,0.333333333
14896,4,3.75,0.75,178,888,4800,0,2,0,0,1,1,1,11.17647059
14898,2,1,0,3000,63000,64000,0,1,0,0,0,0,0,0.066666667
14933,5,2,2.8,166,828,1698,0,1,0,0,0,0,0,13.72222222
14946,1,0,1,196,980,2500,0,1,0,0,1,0,1,0.357142857
14950,4,2,0.25,1360,6800,10800,0,2,0,0,1,0,0,0.294117647
14976,8,5.875,0.375,100,380,980,0,1,0,0,1,0,0,1.285714286
15005,2,1,0.5,596,2980,6800,0,1,0,0,1,1,1,0.625
15022,3,16.66666667,0.333333333,120,599,5800,0,1,0,0,1,1,1,16.3125
15033,4,0,0.25,138,688,2400,0,2,0,0,0,0,1,0
15036,6,1,0.166666667,2000,37000,45000,1,1,0,0,0,0,1,0.142857143
15139,3,4,1.333333333,160,799,1980,0,1,0,0,1,1,1,11.4375
15144,4,3.25,0.75,242,1212,2940,0,1,0,0,1,0,0,1.705882353
15155,3,16.66666667,0.666666667,1360,6800,7800,0,2,0,0,1,0,1,2.0625
15174,3,7.333333333,0.666666667,136,680,2600,0,2,0,0,1,0,1,7.5
15175,4,1.5,3.5,196,980,4800,0,2,0,0,1,0,1,45.94117647
15179,3,1,1,136,680,2000,0,1,0,0,1,0,0,8.0625
15267,5,10.4,0.6,256,1280,2680,0,1,0,0,0,0,0,1.833333333
15275,5,0,0.2,100,430,1680,0,1,0,0,0,0,1,1.055555556
15284,5,0,0.6,30,58,580,0,0,0,0,1,0,0,6.333333333
15312,3,0,0,11,11,150,0,0,0,0,0,0,0,3.125
15327,2,2,0.5,116,580,2180,0,1,0,0,1,0,0,3.333333333
15375,19,4.210526316,0.368421053,256,1280,3980,0,2,0,1,1,0,1,0.28
15382,3,2,0.333333333,100,138,880,0,1,0,0,0,0,0,2.5625
15395,4,3,0.25,396,1980,4980,0,1,0,0,1,0,0,1.588235294
15399,4,0,0.25,570,5700,10000,0,1,0,0,0,0,0,0.058823529
15420,1,10,1,1100,5500,6500,1,1,0,0,0,0,1,1.285714286
15421,15,0,0.133333333,760,3800,4980,0,2,0,0,1,0,0,0.16
15436,4,8.5,1.5,732,3660,10800,0,4,0,1,1,0,1,21.17647059
15438,11,1.636363636,0.090909091,1820,18200,26000,0,1,0,0,0,0,0,0
15517,2,22.5,0,931,4656,6800,0,2,0,0,1,0,1,3.133333333
15529,2,0,0.5,196,980,4800,0,1,0,0,1,0,1,33.46666667
15557,4,0,1,116,580,1580,0,1,0,1,1,0,0,4.470588235
15580,1,4,1,2800,49000,80000,0,1,0,0,0,0,0,0.285714286
15590,6,1,0.166666667,176,880,2800,0,1,0,0,0,0,1,0
15635,3,0,0.666666667,256,1280,8800,0,1,0,0,1,0,1,0.1875
15645,4,1,0,300,1500,2600,0,0,0,0,0,0,0,0.235294118
15648,4,0.5,0.75,100,249,980,0,1,0,0,1,0,0,3.076923077
15681,4,6.25,0,120,599,1980,0,0,0,0,1,0,0,0.117647059
15683,2,4,0.5,118,588,3000,0,2,0,0,1,0,1,14.8
15695,4,1.75,0.5,100,475,3200,0,0,0,0,1,0,0,0.117647059
15708,4,0,0.25,336,1680,4800,0,1,0,0,1,1,1,13.11764706
15788,4,3.5,0.75,116,580,2800,0,1,0,0,0,0,0,1
15825,17,0.882352941,0.411764706,500,4320,4800,1,1,0,0,0,0,1,0.36
15838,4,11.25,0.5,236,1180,8800,0,1,0,0,1,0,1,1.294117647
15878,4,0,0,116,580,1280,0,0,0,0,1,0,0,2.647058824
15899,3,5,0,196,980,5280,0,1,0,0,0,0,1,0.1875
15936,4,0,0.75,1360,6800,12800,0,2,0,1,1,0,0,1.705882353
15987,2,2,1,378,1888,12000,0,1,0,0,1,0,1,1.133333333
15998,4,0,0.5,100,108,480,0,1,0,0,0,0,0,8.411764706
16058,3,1,1.666666667,176,880,8800,0,1,0,1,1,0,0,4.6875
16077,1,2,0,316,1581,7880,0,1,0,0,1,0,0,0.357142857
16078,1,0,0,536,2680,9800,0,1,0,0,1,1,1,1.714285714
16080,3,0.666666667,0.333333333,116,580,3800,0,1,0,0,1,0,0,0.125
16089,4,1,1.25,100,380,4800,0,2,0,0,1,0,1,24.82352941
16170,4,2,0.25,100,168,680,0,1,0,0,0,0,0,1.235294118
16185,4,6.25,5.25,7600,38000,57400,0,2,0,0,0,0,1,3.411764706
16208,3,0,0,100,499,1980,0,0,0,0,1,0,0,2.125
16254,3,9.333333333,0.333333333,100,499,5800,0,2,0,0,1,0,0,2.125
16270,4,0,0.25,18,18,580,0,1,0,0,0,0,0,2.117647059
16292,4,4.75,0.25,100,288,1800,0,0,0,0,1,0,0,1
16307,4,19.75,0.5,196,980,5560,0,1,0,0,1,0,1,3.941176471
16308,1,0,1,200,999,4800,0,1,0,0,0,0,0,0.357142857
16310,4,0.75,2.25,100,398,1500,0,1,0,0,1,0,0,7.882352941
16332,3,3.666666667,0.333333333,7800,39000,64800,0,1,0,0,1,0,0,0.3125
16390,4,0,1.25,116,580,1800,0,1,0,0,0,0,0,13
16391,4,2,0,11,11,1800,0,0,0,0,0,0,0,2.588235294
16398,3,7.333333333,1,396,1980,6800,0,2,0,0,1,0,1,4.5
16428,3,0,0,156,780,3000,0,1,0,0,1,0,1,3.6875
16466,3,3.333333333,0,1400,14000,21000,0,0,0,0,0,0,0,0.75
16468,1,0,1,1100,5500,10000,0,1,0,0,0,0,0,0.5
16469,3,2,0,1196,5980,38000,0,1,0,0,1,0,0,0.3125
16514,4,16,0.75,100,399,2280,0,1,0,0,1,0,1,0.294117647
16569,3,7.333333333,3.333333333,100,299,3800,0,1,0,0,1,0,1,15.6875
16619,4,0,1,160,799,4900,0,0,0,0,1,0,0,3.235294118
16643,4,0,0,400,1999,3800,0,1,0,0,1,0,1,0.705882353
16652,4,0,0,100,377,3800,0,0,0,0,1,0,0,0.647058824
16686,4,0,0.75,376,1880,3800,0,1,0,0,0,0,0,0.882352941
16751,15,1.2,0.266666667,2089,20888,29888,0,1,0,0,0,0,0,1.24
16771,4,0,2.75,11,11,680,0,0,0,0,0,0,0,21.58823529
16787,2,1,0.5,136,680,2380,0,0,0,0,1,0,0,0.8
16823,4,5.5,0,100,450,3000,0,2,0,0,1,0,1,1.588235294
16835,2,0,0.5,500,17905,56640,1,1,0,0,0,0,0,0.6
16836,3,8.666666667,0,300,5060,7600,1,1,0,0,0,0,1,0.75
16841,5,0,0.2,3000,59000,66000,0,1,0,0,0,0,0,0.055555556
16849,4,1,1,100,238,1500,0,1,0,0,1,0,0,1.705882353
16858,4,3,0.25,100,380,1200,0,1,0,0,1,0,0,2.764705882
16883,3,2,1.333333333,1360,6800,15000,0,3,0,1,1,0,1,3.0625
16892,3,1,0,256,1280,3600,0,0,0,0,1,0,0,2.066666667
16899,4,6.75,0,100,450,3400,0,1,0,0,0,0,1,0.529411765
16933,3,13,0,138,688,3800,0,1,0,0,1,0,1,5.3125
16939,3,8.333333333,4.333333333,396,1980,7800,0,1,0,0,1,0,0,20.25
16951,3,4,0.666666667,176,880,1000,0,1,0,0,1,0,0,1.625
16955,1,2,1,1600,8000,16800,0,1,0,0,1,0,0,0
16960,6,1,0.166666667,596,2980,9800,0,2,0,0,1,0,0,0.263157895
16981,2,3,0,3360,16800,39800,0,0,0,0,1,0,0,0.785714286
16996,3,2.666666667,0,1916,9580,29800,0,0,0,0,1,1,0,1.625
17018,3,1.666666667,0,11,11,1980,0,1,0,0,0,0,0,1.875
17023,7,3.857142857,0.428571429,136,680,1980,0,1,0,0,1,0,1,11.5
17026,3,7.666666667,0,116,580,2800,0,1,1,0,0,0,0,0.25
17039,4,3.25,0.25,360,1800,8800,0,1,0,0,1,0,1,0.529411765
17064,4,7.25,0.5,140,699,5800,0,2,0,1,1,0,1,0.647058824
17080,3,0.666666667,0.333333333,216,1080,6800,0,2,0,0,1,0,0,0.375
17120,3,12,0.666666667,156,780,3980,0,1,0,0,0,0,1,2.1875
17133,3,1,0,30,98,760,0,1,0,0,1,0,0,0.375
17135,3,0,0.333333333,596,2980,19800,0,1,0,0,0,0,0,0
17168,2,5.5,1.5,396,1980,5800,0,1,0,0,1,0,1,11.4
17190,4,1.25,0.25,2090,20900,62000,0,1,0,0,0,0,0,0.058823529
17245,4,6.25,0.75,3960,19800,48000,0,2,0,1,1,0,1,1.941176471
17250,3,3,0,30,88,468,0,1,0,0,1,0,0,1.6875
17298,3,0,1,198,988,4000,0,1,0,0,1,0,1,11.625
17341,3,0.666666667,0,30,99,3600,0,1,0,0,0,0,0,0.125
17343,8,0,0.125,596,2980,6800,0,2,0,0,1,0,1,0.476190476
17366,12,7.25,2.25,196,980,4800,0,1,0,0,1,0,1,19.72
17375,12,6.583333333,0.666666667,100,180,680,0,1,0,0,1,0,1,9.608695652
17390,4,1,0,256,1280,3500,0,1,0,0,1,1,1,10.29411765
17399,11,3.909090909,0.181818182,2160,10800,19600,0,1,0,1,0,0,1,0.25
17433,4,4,0.25,1400,6999,68000,0,2,0,0,1,1,0,0.058823529
17458,9,1.111111111,0.111111111,5360,26800,48000,0,2,0,0,0,0,0,0.045454545
17510,2,10,0,336,1680,7800,0,1,0,0,1,0,1,1.6
17522,3,0,0.333333333,600,3000,6000,0,1,0,0,1,0,0,0.142857143
17524,2,0,0.5,524,2620,4318,0,1,0,0,1,0,0,1
17559,2,0,0.5,500,15388,16000,1,1,0,0,0,0,0,1.8
17564,3,0,0,8000,61000,72000,1,1,0,0,0,0,0,1.25
17647,3,21,1,400,1999,6800,0,1,0,0,1,1,1,14.625
17764,3,2.333333333,0.333333333,100,180,880,0,2,0,0,1,1,0,7.3125
17768,1,7,0,195,977,1780,0,0,0,0,1,0,0,0.428571429
17806,1,0,0,240,1200,5500,0,0,0,0,1,0,0,1.615384615
17808,3,6.333333333,0,1160,5800,49800,0,2,0,1,1,0,1,1.25
17854,3,0,0,740,3700,4625,0,2,0,0,0,0,1,2.8125
17863,8,0,0.625,106,529,3800,0,2,0,1,0,0,1,1.80952381
17865,8,6.125,1.125,200,999,3800,0,1,0,0,1,0,1,2.142857143
17908,2,4,0,30,99,380,0,2,0,0,0,0,0,0.066666667
17914,2,2.5,0,100,199,3000,0,2,0,0,1,0,0,1
17935,3,1,0,100,258,498,0,0,0,0,1,0,0,1.375
17988,3,0,1.333333333,30,99,3000,0,2,0,0,1,0,0,0.9375
18011,2,4,0,476,2380,5800,0,1,0,0,1,0,1,0.666666667
18016,4,0,0.25,170,850,5800,0,1,0,0,1,0,0,0.176470588
18020,2,9.5,0.5,1160,5800,20400,0,1,0,0,1,0,1,0.833333333
18051,2,7,0,600,3000,6000,1,1,0,0,0,0,0,0.066666667
18086,4,0,0.25,960,4800,5800,0,1,0,0,1,0,1,0.428571429
18143,6,1,0.166666667,1960,9800,13800,0,1,0,0,1,0,1,0.052631579
18168,3,5,0,100,368,880,0,1,0,0,1,0,0,0.375
18340,3,0,0,100,398,1360,0,1,0,0,1,0,0,24.8125
18415,3,2,0,1300,6500,8000,0,1,0,0,1,0,0,0.692307692
18486,1,2,0,299,1495,3000,0,1,0,0,1,0,0,1.142857143
18491,3,0,0.666666667,400,1999,5000,0,1,0,0,1,0,0,4.9375
18498,3,1,0,316,1581,3600,0,1,0,0,1,0,0,0.3125
18500,3,0,0.666666667,200,999,8800,0,1,0,0,0,0,0,2.625
18501,3,13.33333333,2.333333333,336,1680,6900,0,0,0,0,1,0,0,2.3125
18521,2,14,1,672,3360,8800,0,0,0,0,1,0,0,0.4
18528,2,14,0,336,1680,3800,0,0,0,0,1,0,0,0.933333333
18550,3,2,1.333333333,100,198,1500,0,1,0,0,1,0,0,1.4375
18579,1,10,1,240,1200,12800,0,1,0,0,1,1,0,0.5
18612,1,0,0,100,280,500,0,2,0,0,0,0,0,4.857142857
18618,2,5.5,0.5,2578,12888,16888,0,1,0,0,1,0,1,0.8
18638,2,8.5,0,100,336,5800,0,1,0,0,1,0,0,0.2
18687,3,1,0.333333333,380,1888,3800,0,1,0,0,1,1,1,0.375
18736,1,7,1,356,1780,9800,0,2,0,0,1,0,0,10.35714286
18749,3,2.333333333,0.666666667,100,379,1999,0,1,0,0,1,0,1,2.9375
18756,3,0,0.333333333,200,1000,2000,1,1,0,0,0,0,1,4.375
18763,10,12.7,0.1,196,980,3800,0,2,0,0,1,0,1,4
18765,3,1,0.666666667,100,366,1280,0,1,0,0,1,0,1,3.375
18815,3,8.333333333,0.666666667,200,999,2800,0,2,0,1,1,0,0,0.4375
18821,2,4,0,100,132,1980,0,0,0,0,1,0,0,0.2
18837,2,0,0.5,1778,8888,38888,0,1,0,0,1,1,1,0.933333333
18880,1,8,0,596,2980,3800,0,1,0,0,1,0,1,0.428571429
18891,3,6,0,960,4800,6800,0,1,0,0,1,0,1,0.4
18932,3,12,0.666666667,152,760,1580,0,1,0,1,1,0,1,2
18955,3,21,0.666666667,176,880,3800,0,1,0,0,1,1,1,2.25
18958,2,7,0,296,1480,3800,0,1,0,0,1,0,1,0.533333333
18966,3,4,0.333333333,196,980,6999,0,0,0,0,1,0,0,2.285714286
18967,2,1.5,0,2560,12800,28000,0,1,0,0,1,1,0,0.066666667
18975,3,2,0,116,580,3200,0,1,0,0,1,0,0,0.5625
18991,3,9.666666667,1.333333333,576,2880,8800,0,1,0,0,1,1,1,1
19005,2,1,0,200,998,8800,0,1,0,0,1,1,1,1.066666667
19081,1,2,1,30,58,3000,0,1,0,0,1,0,0,0.928571429
19183,3,4,0.333333333,260,1299,2999,0,0,0,0,1,0,0,0.818181818
19186,4,2,0.5,755,3777,6800,0,1,0,0,1,0,1,0
19193,15,1.466666667,0.133333333,3360,16800,39800,0,2,0,0,1,0,0,0
19210,3,0,0.333333333,2760,13800,39800,0,1,0,0,1,0,0,0
19230,3,7.666666667,0,196,980,6800,0,2,0,0,1,0,0,0.875
19232,13,0.153846154,0.076923077,176,880,1800,0,1,0,0,1,0,0,0.294117647
19236,2,0,0.5,860,4300,6800,0,1,0,0,1,1,1,0.2
19237,2,0,0.5,140,699,2880,0,1,0,0,1,1,1,2.266666667
19275,1,2,1,156,780,5500,0,1,0,0,1,0,1,0
19336,3,4,0,176,880,4800,0,1,0,0,1,0,0,0.5625
19352,2,4,0.5,400,1980,6800,0,0,0,0,1,0,1,0.875
19373,2,1,0,100,350,3000,0,2,0,0,1,0,1,22.66666667
19399,3,0,0,140,699,4800,0,1,0,0,0,0,1,0.25
19405,1,1,0,200,999,3000,0,1,0,0,1,0,0,16.92857143
19419,3,0,0.333333333,336,1680,4980,0,1,0,0,1,1,0,1.1875
19463,1,0,0,700,3500,4800,0,2,0,0,1,0,0,0.5
19464,2,9.5,0.5,600,2999,6000,0,1,0,0,1,0,1,0.266666667
19524,3,9,0.333333333,155,777,1800,0,1,0,0,1,0,1,5.125
19528,2,5,0,396,1980,3000,0,1,0,0,1,0,1,2.666666667
19529,3,1,0,30,96,1320,0,0,0,0,1,0,0,3.9375
19539,2,0,0.5,560,2800,13000,0,1,0,1,1,0,0,0.133333333
19603,3,0,0.333333333,100,128,800,0,1,0,0,1,0,0,4.4375
19667,9,4.111111111,0.777777778,100,199,6800,0,2,0,0,1,0,1,3.136363636
19675,7,1.142857143,0.285714286,2760,13800,21400,0,1,0,0,1,0,1,0.15
19690,6,3.166666667,0.5,100,380,1000,0,1,0,0,1,0,0,0.578947368
19721,3,4.666666667,1.666666667,100,499,1800,0,1,0,0,1,0,1,1.6875
19731,1,0,0,2000,11000,15000,1,1,0,0,0,0,0,0.333333333
19844,3,8.333333333,0,116,580,2580,0,1,0,0,1,0,0,4.4375
19899,2,3,0,178,888,2580,0,1,0,0,1,0,0,0.333333333
19939,3,7.333333333,0,160,799,2800,0,1,0,0,1,0,1,0.5625
19982,3,2.666666667,0.333333333,480,2400,3980,0,0,0,0,1,0,0,5.625
20001,2,1.5,0,1178,5888,31600,0,2,0,0,1,0,0,2
20106,3,0,0,176,880,3080,0,1,0,0,1,0,1,0.6875
20126,6,1.833333333,0.166666667,818,4088,10600,0,1,0,0,1,0,1,0.315789474
20167,2,0,0,720,3600,4000,0,1,0,0,1,0,1,0.133333333
20214,2,14,1,138,688,3680,0,2,0,1,1,1,0,1.4
20228,3,16.66666667,1,100,450,2800,0,1,0,1,1,1,1,70.625
20256,2,9,0.5,1196,5980,12000,0,1,0,0,1,0,1,2.333333333
20298,3,0,0,100,480,3800,0,1,0,0,1,0,0,0.8125
20314,1,0,0,100,158,680,0,2,0,0,1,0,0,3.928571429
20337,14,0,0.071428571,1000,4999,10000,0,1,0,0,1,0,0,0.16
20401,3,0,1.333333333,336,1680,3980,0,0,0,0,1,0,0,6.4375
20431,2,3,0.5,360,1800,3600,0,1,0,0,1,0,1,0.2
20433,2,9,0.5,760,3800,8000,0,1,0,0,1,0,1,0.333333333
20434,1,0,0,100,298,880,0,1,0,0,1,0,0,0.285714286
20561,15,1.466666667,1.133333333,1160,5800,15800,0,2,0,1,1,0,1,0
20599,2,7.5,5,576,2880,5800,0,0,0,0,1,0,0,3.666666667
20623,2,20,0.5,116,580,2280,0,2,0,1,1,0,1,28.53333333
20647,2,17,1,130,650,1500,0,1,0,1,1,0,1,44.4
20687,2,0,0,760,3800,5800,0,1,0,0,1,0,0,0.333333333
20727,13,4,0.153846154,100,111,1800,0,1,0,0,0,0,1,0.28
20767,4,2.75,2.75,2500,33888,76888,0,2,0,0,0,0,0,3.411764706
20792,2,1.5,0.5,376,1880,9800,0,2,0,0,1,0,0,10
20918,18,0.277777778,0.055555556,2800,39000,49000,0,1,0,0,0,0,0,0
20972,16,9,0.1875,196,980,2800,0,2,0,1,0,0,1,1.08
20973,1,3,2,996,4980,9600,0,1,0,0,0,0,1,0
20976,8,2.125,0.375,1600,7999,12800,0,1,0,0,0,0,1,0
20978,8,2,0.25,160,799,2800,0,1,0,0,0,0,1,0
21012,2,1,1.5,100,199,1280,0,2,0,0,1,0,1,8.333333333
21029,2,8.5,0,100,466,888,0,1,0,0,1,0,0,1.2
21044,2,0,0,30,68,99,0,2,0,0,1,0,0,4
21055,2,3,0,136,680,3680,0,1,0,0,1,0,0,0.8
21078,2,2.5,0,100,460,980,0,1,0,0,1,0,1,13.46666667
21120,2,22.5,0,100,476,980,0,1,0,1,1,0,1,29.46666667
21159,2,0,1,256,1280,3800,0,1,0,0,1,0,1,1.533333333
21171,2,1,1.5,196,980,3600,0,2,0,0,1,0,1,28
21271,9,0,0.111111111,3000,59000,66000,0,1,0,0,0,0,0,0
21276,2,9,1,1600,3999,8000,1,1,0,0,0,0,1,1.533333333
21279,1,4,0,500,4320,4800,1,1,0,0,0,0,1,2.357142857
21281,14,3,2.142857143,1400,6999,22400,0,1,0,0,1,0,0,0.08
21301,2,1.5,1.5,196,980,12800,0,1,0,0,1,0,0,10
21461,2,1,0,100,188,700,0,1,0,0,1,0,1,10.53333333
21507,2,0,0,100,266,280,0,2,0,1,1,0,0,3.266666667
21547,2,7,1,100,399,5800,0,1,0,0,1,1,1,22.73333333
21617,2,20,0,100,448,5000,0,1,0,1,1,0,1,8.8
21619,2,20,0,378,1888,6000,0,1,0,0,1,0,1,0.4
21661,2,3,0,196,980,4800,0,1,0,0,1,1,1,6.666666667
21669,2,0,0,560,2800,12800,0,1,0,0,1,0,1,6.333333333
21684,15,5.733333333,0.133333333,540,2699,3800,0,1,0,0,1,0,1,0.083333333
21688,1,2,0,1760,8800,45000,0,2,0,0,1,1,0,3
21692,11,1.181818182,0.363636364,7600,38000,55000,0,1,0,0,0,0,0,0.083333333
21698,2,6,0,2160,10800,38000,0,2,0,0,1,1,0,1.933333333
21705,4,3,0.25,138,688,4800,0,0,0,0,1,1,0,0
21709,15,2.2,0.2,1796,8980,21800,0,1,0,0,1,0,1,1.52
21713,2,4,0,396,1980,4980,0,0,0,0,1,0,0,1.266666667
21714,15,3.933333333,0.6,1200,6000,12000,0,1,0,0,1,0,0,0.12
21725,2,1,0.5,1180,11800,27000,0,1,0,0,0,0,0,0.357142857
21833,1,0,1,5000,25000,100000,0,1,0,0,1,0,1,5.285714286
21850,8,5.5,0.5,500,11858,20560,1,1,0,0,0,0,0,0.285714286
21858,2,1,1.5,30,99,199,0,1,0,0,1,1,0,2.2
21916,1,2,0,176,880,3000,0,1,0,0,1,0,1,0.857142857
21953,2,0,1,600,3000,26800,0,1,0,0,1,1,0,1.4
21957,2,1,1,30,100,380,0,2,0,1,1,1,0,33.66666667
21972,2,1,0,56,280,800,0,2,0,1,1,0,0,3.6
22010,2,3,0,118,588,6800,0,1,0,0,1,1,0,0.2
22061,19,0,0.052631579,196,980,2800,0,2,0,0,1,0,1,1.16
22074,15,0,0.066666667,30,30,550,0,2,0,0,0,0,0,0.36
22164,1,3,0,100,108,398,0,2,0,0,1,0,0,0.714285714
22185,2,0,0,596,2980,6800,0,2,0,0,1,1,1,0.066666667
22193,2,0,0.5,720,3600,8000,0,2,0,0,1,0,1,23.6
22203,2,2,0,336,1680,4200,0,2,0,0,1,0,1,48
22239,2,22.5,0.5,138,688,4000,0,2,0,0,1,0,1,39.73333333
22282,1,1,0,3200,16000,20000,0,1,0,0,1,0,0,0.428571429
22318,1,1,1,110,550,900,1,1,0,0,0,0,0,0.285714286
22325,3,1.333333333,0.333333333,600,3000,5800,1,1,0,0,0,0,1,0.75
22351,1,0,0,140,699,5800,0,1,0,0,1,0,0,2.428571429
22374,1,1,2,256,1280,5600,0,1,0,0,1,1,1,2.714285714
22381,1,6,0,116,580,9800,0,1,0,0,0,0,0,1
22441,11,0.818181818,0.272727273,796,3980,7800,0,2,0,0,1,0,1,0
22451,2,10,0.5,100,499,5000,0,0,0,0,1,1,0,0.466666667
22505,1,8,0,256,1280,3280,0,1,0,0,1,0,1,0.357142857
22506,2,1,0,576,2880,8800,0,1,0,0,1,0,0,1.2
22537,1,7,0,196,980,1890,0,1,0,0,1,0,1,0.857142857
22546,15,0,0.133333333,100,398,2000,0,0,0,0,1,0,0,2.52
22549,6,2.666666667,1,3000,57000,78000,0,0,0,0,0,0,0,0.105263158
22577,2,8,0,240,1200,4200,0,0,0,0,1,0,0,0.6
22661,2,2,0.5,3333,16666,38000,1,1,0,0,0,0,0,0.533333333
22672,1,1,0,1596,7980,10300,1,1,0,0,0,0,1,0.785714286
22679,2,8,0,270,1350,3000,1,1,0,0,0,0,1,3.4
22690,2,1,0,100,268,3000,1,1,0,0,0,0,0,0.846153846
22693,1,1,0,200,999,4500,1,1,0,0,0,0,0,0.285714286
22694,2,11,0.5,260,1299,7000,0,3,0,0,1,0,1,6.866666667
22695,2,0,0.5,7000,35000,50000,1,1,0,0,0,0,1,0.375
22778,1,0,0,40,199,1700,1,1,0,0,0,0,0,0.428571429
22798,1,1,0,780,3900,11700,0,1,0,0,1,0,1,0.142857143
22817,2,0,1,390,3900,5000,0,1,0,0,0,0,0,0.4
22904,2,1,0.5,156,780,1380,0,1,0,0,1,0,0,0
22931,1,0,0,776,3880,8800,0,0,0,0,1,0,0,0.428571429
22971,1,0,0,256,1280,6000,0,0,0,0,1,0,0,0.285714286
23004,14,1.285714286,0.071428571,156,780,9800,0,1,0,0,1,0,0,0
23009,2,2.5,0,176,880,6800,0,1,0,0,0,0,1,0.333333333
23071,2,20,0.5,100,460,3800,0,1,0,0,1,0,1,10.4
23095,2,0,1.5,2500,27000,50000,0,1,0,0,0,0,0,0
23161,1,10,0,276,1380,4800,0,1,0,0,1,1,0,2.714285714
23181,1,0,1,1160,5800,9800,1,1,0,0,0,0,1,0.428571429
23330,1,10,0,255,1279,2000,1,1,0,0,0,0,1,1.857142857
23354,1,23,0,218,2180,4000,1,1,0,0,0,0,1,1
23355,1,10,1,400,3500,6000,1,1,0,0,0,0,1,0
23361,1,0,0,720,7200,9000,0,0,0,0,0,0,0,0.142857143
23434,1,0,0,160,800,3600,0,0,0,0,1,0,0,4.214285714
23436,17,0.588235294,0.058823529,200,980,3200,0,1,0,0,1,1,0,0
23465,1,12,0,242,1212,4980,0,1,0,0,1,0,0,28.71428571
23495,2,0,0.5,1100,11000,24000,0,1,0,0,0,0,0,0
23511,1,9,0,300,2980,3576,1,1,0,0,0,0,1,0.428571429
23566,1,3,0,136,680,2680,0,1,0,0,1,0,1,0.071428571
23588,1,4,0,600,4000,6000,1,1,0,0,0,0,1,1.142857143
23678,1,3,0,198,990,3000,0,1,0,0,1,0,1,4.857142857
23708,1,0,1,30,88,1280,0,2,0,0,0,0,0,0
23772,1,0,0,1600,8000,14800,0,1,0,0,1,1,0,0.714285714
23837,1,1,0,100,299,2600,0,0,0,0,1,0,0,3.571428571
23939,1,2,1,396,1980,11800,0,2,0,0,1,0,0,30.35714286
24036,1,0,0,1960,9800,18000,0,2,0,0,1,0,1,0.5
24113,17,0.294117647,0.058823529,2000,20000,33300,0,1,0,0,0,0,0,0.090909091
24186,1,0,0,196,980,10000,0,1,0,0,1,0,0,5.714285714
24228,17,0,0.058823529,1760,8800,8800,0,0,0,0,1,0,1,0.92
24291,4,4,1.75,3500,89600,109091,0,1,0,0,0,0,0,0.176470588
24389,3,1,0.333333333,3160,15800,19800,0,1,0,0,1,0,1,0.0625
24405,18,1.388888889,0.388888889,2200,22000,26000,0,1,0,0,0,0,0,0.04
24432,23,3.434782609,0.260869565,2800,43000,50000,0,1,0,0,0,0,0,0.0625
24511,3,7.666666667,0.333333333,100,299,1680,0,2,0,1,1,0,1,9.5
24650,1,0,0,30,48,388,0,1,0,0,1,0,0,2.857142857
24776,1,0,0,30,99,2000,0,1,0,0,1,0,0,8.857142857
24876,11,5,0.363636364,660,3299,6800,0,2,0,0,1,0,1,0.125
24902,8,9.375,0.25,140,699,2800,0,2,0,0,1,0,1,0.238095238
25407,1,3,1,196,980,3600,0,1,0,0,1,0,1,13.42857143
25691,6,1,0.166666667,180,899,3600,0,2,0,0,0,0,0,1.315789474
25766,6,1.166666667,0.166666667,600,3000,6000,0,2,0,0,0,1,1,1.315789474
25941,7,0,0.285714286,120,599,7980,0,0,0,0,1,0,0,0.1
26018,2,2.5,1.5,100,450,2500,0,2,0,0,1,0,1,15.26666667
26114,6,1.333333333,0.166666667,1360,6800,16600,0,1,0,0,0,0,1,0.578947368
26178,11,0.727272727,0.181818182,500,2500,3500,0,1,0,0,0,0,1,0
26282,6,3,0.166666667,700,3500,5500,0,1,0,0,1,0,1,0.052631579
26321,1,1,1,1160,5800,10800,0,1,0,0,1,0,0,0
26341,6,2,0.5,156,780,3000,0,1,0,0,1,0,1,0
26390,3,0,0.333333333,376,1880,3500,0,1,0,0,1,0,0,2.375
26409,14,6.357142857,0.071428571,156,780,3800,0,2,0,1,1,0,1,0.56
26421,6,0,0.333333333,700,3500,4200,0,2,0,0,0,0,1,0.157894737
26786,9,6.111111111,0.111111111,1266,6330,7000,1,1,0,0,0,0,1,0.272727273
27246,8,1.875,0.25,1960,9800,25600,0,1,0,0,1,0,1,0
27503,3,0,0.333333333,2500,30000,43000,0,1,0,0,0,0,0,0
27534,10,4.1,0.2,420,2100,7500,0,1,0,0,1,0,0,0.086956522
27629,3,2,0.333333333,5000,25000,30000,0,2,0,0,0,0,1,0.125
27643,6,1,0.166666667,840,4200,7000,0,1,0,0,1,0,1,0
27804,6,17.66666667,0.333333333,100,465,2380,0,1,0,1,1,0,1,1.421052632
27893,3,0.666666667,0.333333333,1200,6000,7800,0,2,0,0,0,0,0,0
27917,7,0,0.857142857,100,499,880,0,1,0,1,1,0,1,0.6
28358,13,0.461538462,0.153846154,50,45800,74000,1,1,0,0,0,0,1,3.48
28361,10,6.6,0.5,50,9000,11000,1,1,0,0,0,0,1,0.130434783
28486,2,4,0.5,1000,9800,18800,1,1,0,0,0,0,0,0.133333333
28733,6,1.833333333,0.166666667,8000,49999,150000,0,3,0,0,1,0,1,0.631578947
28824,2,1,0.5,2800,48000,108000,0,1,0,0,0,0,0,2.6
28845,9,0,0.111111111,100,380,4800,0,1,0,0,1,0,1,0
29029,11,1.363636364,0.090909091,6700,33500,60000,0,1,0,0,1,1,0,0.166666667
29355,14,1.071428571,0.071428571,114,570,4000,0,1,0,0,1,0,1,3.92
29364,14,0.357142857,0.142857143,3960,19800,25400,0,1,0,1,1,0,1,0
29427,20,0.95,0.05,1000,5000,7000,1,1,0,0,0,0,1,0.24
29529,14,0,0.071428571,4760,23800,29800,0,2,0,0,1,0,1,0.04
29571,3,0,0.333333333,8000,45000,50000,0,1,0,0,1,0,0,0.090909091
30268,6,6.333333333,0.166666667,100,388,2880,0,1,0,1,1,1,1,8.368421053
30404,17,5.058823529,0.235294118,596,2980,5960,0,1,0,0,1,0,1,0.2
30689,4,5.75,0.5,400,1999,12800,0,1,0,0,1,1,1,0.266666667
30935,8,7,0.125,133,666,2980,0,2,0,0,1,0,1,1
30948,7,0,0.428571429,5000,38000,50000,1,1,0,0,0,0,0,0.5
31500,12,0,0.083333333,118,588,1500,0,1,0,1,1,0,1,0
31599,7,9.571428571,0.142857143,176,880,3800,0,2,0,1,1,0,1,2.15
31719,12,0.166666667,0.083333333,1300,6500,9800,0,1,0,1,0,0,0,1.16
31845,5,5.8,0.4,1044,5220,9800,0,1,0,0,1,0,0,0
32840,2,3,1.5,3040,15200,19000,0,1,0,0,1,0,0,0
33048,2,0,0.5,1120,5600,8000,0,1,0,1,1,0,1,0.333333333
33435,17,0.235294118,0.176470588,660,6600,14000,0,1,0,0,0,0,0,0.08
33713,14,0,0.071428571,196,980,1580,0,2,0,0,1,0,0,0.12
33864,4,2,0.25,360,1800,2800,0,0,0,0,0,0,0,0.117647059
34130,17,1.117647059,0.058823529,100,328,3800,0,1,0,0,1,0,1,2.64
34218,15,1.266666667,0.066666667,1396,6980,12800,0,1,0,0,1,0,1,0.2
34236,5,6.8,0.2,100,499,1580,0,2,0,0,1,1,1,11.38888889
34415,2,2,0.5,1160,5800,9800,0,2,0,0,0,0,1,0.066666667
34468,11,2.272727273,1.363636364,596,2980,19800,0,1,0,0,0,0,0,0
34519,6,0,0.166666667,560,2800,6800,0,1,0,0,1,0,1,0
34585,8,4.625,0.25,100,288,1280,0,2,0,1,1,1,1,0.666666667
34741,7,0.142857143,0.142857143,900,4500,6000,1,1,0,0,0,0,0,0.05
34751,19,0,0.263157895,8000,108000,208000,0,1,0,0,1,0,1,0.12
34777,7,7,0.142857143,600,3000,4300,1,1,0,0,0,0,1,0.05
35553,7,4,1.142857143,104,520,1280,0,1,0,1,1,0,0,0.05
35579,8,5.5,0.25,396,1980,4800,0,2,0,0,0,0,1,0.047619048
35649,9,0,0.111111111,100,198,800,0,0,0,0,0,0,0,0.052631579
35728,18,3.055555556,0.055555556,256,1280,9800,0,1,0,0,1,0,0,0.08
35813,12,5.75,0.083333333,336,1680,6800,0,1,0,0,1,0,1,0.12
35856,2,0,0.5,456,2280,3800,0,1,0,0,0,0,1,0.333333333
35873,1,3,1,400,1999,5800,0,1,0,0,1,0,1,0.5
35896,8,14.375,0.125,100,380,3000,0,2,0,1,1,0,1,1.238095238
36171,11,2,0.181818182,596,2980,4000,0,1,0,0,1,0,1,0.208333333
36367,7,15.28571429,0.142857143,336,1680,3800,0,2,0,0,1,0,1,0.05
36648,9,6.666666667,0.222222222,116,580,3800,0,1,0,0,1,0,1,0.136363636
36807,8,3.75,0.125,30,88,2500,0,1,0,0,1,0,0,0
36907,9,6.555555556,0.222222222,196,980,3800,0,1,0,0,0,0,1,0
37705,20,1.25,0.5,396,1980,7800,0,2,0,0,1,0,1,0.32
37707,17,0.882352941,0.058823529,1960,9800,19800,0,1,1,0,1,0,1,0.12
38196,3,1.666666667,0.333333333,252,1260,3800,0,2,0,1,1,1,1,4.0625
38567,17,4.352941176,0.117647059,100,200,1500,0,2,0,1,1,0,0,0
39036,9,5.333333333,0.111111111,1440,7200,16600,0,1,0,0,1,0,1,0.136363636
39064,15,4.8,0.133333333,260,1299,7800,0,1,0,0,1,1,1,0.44
39516,6,7.833333333,0.166666667,1580,7900,10600,0,1,0,0,0,0,1,0.210526316
39591,19,1.368421053,0.315789474,356,1780,8800,0,1,0,0,1,0,1,0.2
39870,8,5.875,0.125,456,2280,4800,0,2,0,0,1,1,1,0.19047619
40000,8,0,0.25,256,1280,6800,0,2,0,0,1,1,1,1.571428571
40297,4,1.75,0.25,300,1500,5800,0,2,0,1,1,0,1,1.117647059
40668,18,0,0.055555556,196,980,3800,0,1,0,0,0,0,1,0.4
41146,11,2.272727273,0.090909091,592,2960,8800,0,1,0,0,1,0,0,0.041666667
42032,3,0,0.333333333,1380,6900,15000,0,1,0,0,1,0,0,0.3125
42061,19,0.736842105,0.052631579,100,499,1500,0,2,0,1,1,0,0,0
43033,14,0,0.142857143,360,1800,4000,0,1,0,0,0,0,0,0
43085,8,0,0.25,100,499,3980,0,1,0,1,1,0,1,0.571428571
44444,12,0,0.083333333,116,580,3800,0,1,0,0,1,0,0,0
45123,8,0,0.25,3600,18000,58000,0,2,0,0,0,0,0,0.047619048
45127,2,0,0.5,3360,16800,39800,0,1,0,0,1,1,0,0
45340,2,5.5,0.5,760,3800,8000,0,2,0,0,1,0,1,9.466666667
45499,6,0,0.5,1396,6980,12800,0,1,0,1,1,1,1,0.263157895
45785,6,7.166666667,0.166666667,173,866,3800,0,2,0,0,1,0,0,0
46035,8,4.375,0.75,1760,8800,86000,0,1,0,0,1,1,0,0
46600,2,0,0.5,640,3200,4000,0,2,0,0,0,1,0,0.133333333
46778,7,1,0.142857143,140,699,2800,0,0,0,0,1,0,0,0.85
46827,8,7.25,0.25,196,980,3800,0,1,0,0,1,0,1,1.095238095
46844,8,6.125,1.25,476,2380,8800,0,1,0,0,1,0,1,0.238095238
47522,12,7.25,0.166666667,178,888,4800,0,1,0,0,0,0,1,5.8
47668,8,0,0.125,100,380,1280,0,2,0,0,0,0,0,0.095238095
47828,4,0,0.25,136,680,3800,0,1,0,0,1,0,1,0
48287,6,6.166666667,0.166666667,50,9800,12800,1,1,0,0,0,0,1,0.421052632
48456,7,0.285714286,0.285714286,760,3800,6000,0,1,0,0,1,0,0,0
48568,4,12.75,0.25,240,1200,3800,0,1,0,0,1,0,1,1.352941176
48958,1,0,1,316,1580,2780,0,1,0,0,1,0,1,0.357142857
50202,12,0,0.333333333,8000,53500,120000,0,1,0,0,1,0,1,0.04
50367,10,0,0.2,560,2800,8600,0,1,0,0,1,0,1,1.608695652
50771,14,5.642857143,0.428571429,4370,21850,23000,0,1,0,1,1,0,1,0.12
52040,18,0,0.277777778,2000,9999,50000,0,2,0,0,1,0,0,0
52041,20,0,0.15,1360,6800,10000,0,2,0,0,1,0,1,0
52905,15,0.066666667,0.133333333,30,99,800,0,1,0,0,1,1,0,2
53106,8,4.125,0.5,796,3980,6800,0,1,0,0,1,1,1,0
53122,10,0,1.2,1600,16000,21000,0,0,0,0,0,0,0,0.304347826
53241,4,0,0.5,1780,17800,29000,0,1,0,0,0,0,0,0.117647059
53347,11,1.636363636,0.272727273,2800,37000,110000,0,1,0,0,0,0,0,0.208333333
54581,9,5.111111111,0.111111111,1000,36000,40000,1,1,0,0,0,0,0,0.052631579
55431,11,2.727272727,0.090909091,400,2000,6000,0,1,0,0,1,0,0,0
55467,8,7.125,0.75,1078,5388,9600,0,1,0,0,1,0,1,0.238095238
55571,5,3,0.2,1360,6800,19800,0,1,0,1,1,0,0,0.055555556
55733,18,0,0.055555556,196,980,1580,0,1,0,0,1,0,0,0
55964,9,0,0.444444444,1176,5880,22300,0,1,0,0,1,0,1,0.055555556
56046,8,0,0.125,1360,6800,12800,0,1,0,0,1,0,1,0.19047619
56470,2,0,1.5,8000,190000,226999,0,1,0,0,1,0,0,0
56667,8,1,0.125,196,980,3800,0,1,0,0,1,0,0,0
56675,9,0.333333333,0.111111111,336,1680,3520,0,2,0,0,1,0,1,0.227272727
57587,1,8,1,596,2980,7800,0,1,0,0,1,0,1,0
57823,11,6.090909091,0.181818182,576,2880,4800,0,2,0,0,0,1,1,0
58172,14,6.357142857,0.428571429,156,780,3800,0,1,0,0,0,0,1,1.68
58183,6,0.333333333,0.333333333,100,188,1800,0,1,0,0,0,0,0,0.105263158
58434,1,10,2,560,2800,7200,0,1,0,0,1,0,1,0.071428571
58592,20,0.9,0.05,3960,19800,25000,0,1,0,0,0,0,0,0
58724,16,9.4375,0.0625,760,3800,9800,0,1,0,0,1,0,1,0.08
58752,1,1,1,333,1666,8800,0,1,0,1,1,0,1,1.571428571
58799,2,2,0.5,760,3800,5800,0,1,0,0,1,1,0,0.083333333
58839,11,1.545454545,0.272727273,3000,56999,97000,0,1,0,0,0,0,0,0.083333333
59079,20,0,0.15,336,1680,3200,0,2,0,0,0,0,1,0
59411,16,1.375,0.375,160,800,9800,0,2,0,1,1,1,1,0
59625,7,0,0.142857143,476,2380,3800,0,1,0,0,0,0,0,0
60002,6,0.666666667,0.333333333,3160,15800,18800,0,1,0,0,1,0,1,0.105263158
60063,7,7.857142857,0.142857143,404,2018,5000,0,2,0,0,0,0,1,2
60188,14,0.428571429,0.071428571,660,3300,5800,0,1,0,0,1,0,0,0
60201,7,0.428571429,0.142857143,920,4600,5600,0,2,0,0,1,0,1,0
60592,18,0,0.055555556,844,4218,9999,0,1,0,1,1,0,0,0.28
61038,10,0,0.2,1500,15000,22000,0,0,0,0,0,0,0,0.043478261
61251,10,0,0.2,50,23000,45000,0,1,0,0,0,0,0,0.47826087
61574,2,1,0.5,260,1280,4800,0,1,0,0,1,0,0,0.133333333
61591,8,4.75,0.25,196,980,3880,0,1,0,1,0,0,1,4.619047619
61748,2,1,0.5,5600,28000,49800,0,1,0,0,1,0,1,0.2
62008,7,3.285714286,0.714285714,8000,39999,60000,0,1,0,1,1,0,0,0.05
62198,3,9,0.333333333,1000,4999,8600,0,1,0,0,1,0,1,3.3125
62412,9,13.55555556,0.111111111,196,980,3000,0,2,0,0,0,0,1,4.318181818
62443,7,0,0.142857143,100,498,1999,0,1,0,0,1,1,0,0
62456,16,3.75,0.0625,156,780,2680,0,2,0,0,1,0,1,0.56
62804,10,3.6,0.1,1960,9800,48000,0,2,0,0,1,1,0,0.043478261
62806,5,3,0.6,136,680,1800,0,1,0,0,0,0,1,0.055555556
62831,6,10.33333333,0.166666667,100,388,3980,0,2,0,0,1,0,1,1.368421053
63166,14,3.857142857,0.142857143,196,980,2500,0,2,0,0,0,0,1,0.16
63494,4,10.25,0.5,1440,7200,16000,0,2,0,0,0,1,1,0.588235294
63720,10,1.6,0.2,560,2800,7800,0,2,0,0,1,1,1,0
63874,11,0.181818182,0.090909091,120,599,2500,0,1,0,0,0,0,0,0.125
64836,7,6.428571429,0.142857143,856,4280,16800,0,2,0,1,1,1,1,0.15
64842,20,4.45,0.05,316,1580,3000,1,1,0,0,0,0,1,0.4
65280,8,5.875,0.375,133,666,1980,0,1,0,0,1,0,0,0.095238095
65406,4,0,0.25,100,298,980,0,1,0,0,1,0,0,0.529411765
65453,10,0,0.2,3600,18000,38000,0,2,0,0,1,0,0,0.086956522
65454,5,7.8,0.2,520,2600,6800,0,1,0,0,0,0,1,0.222222222
65745,5,0,0.2,136,680,2500,1,1,0,0,0,0,0,0
65828,14,0.428571429,0.142857143,136,680,1680,0,1,0,0,1,0,0,0.16
65889,17,0,0.058823529,116,580,1000,0,1,0,0,1,1,1,1.2
66201,11,14.63636364,0.272727273,176,880,3800,0,2,0,0,1,0,1,0.333333333
66262,8,6.125,0.25,1300,13000,30000,0,0,0,0,0,0,0,0.055555556
66510,12,1.166666667,0.583333333,280,1400,2800,0,1,0,0,1,0,0,0.04
66513,12,0.583333333,0.083333333,100,190,480,0,1,0,0,1,0,0,0.04
66870,13,4.384615385,0.076923077,1500,7500,8900,0,1,0,0,0,0,0,0
67031,20,0.65,0.05,1360,6800,8800,0,1,0,0,1,0,0,0.04
67836,18,1.555555556,0.166666667,2500,25000,29000,0,0,0,0,0,0,0,0.04
68212,9,4.555555556,0.111111111,1960,9800,28800,0,1,0,0,1,1,1,3.090909091
68344,6,0,0.166666667,916,4580,9800,0,1,0,0,1,0,0,0.105263158
68632,15,2.8,0.066666667,8000,88000,100000,0,1,0,0,1,0,1,0.04
68904,18,0.333333333,0.222222222,20,20,680,0,2,0,1,0,0,0,0.08
68925,8,0,0.125,1600,8000,13800,0,1,0,0,1,0,0,0.105263158
69196,6,6.833333333,1,796,3980,5980,1,1,0,0,0,0,1,0.157894737
69224,5,7,0.6,1760,8800,12800,1,1,0,0,0,0,1,0.055555556
71085,3,1,0.333333333,138,688,2680,0,1,0,0,1,0,0,0
71431,15,1,0.066666667,2140,10700,14800,1,1,0,0,0,0,1,0
72130,3,4,0.333333333,960,4800,9800,0,1,0,1,1,0,0,0.1875
72484,1,0,1,256,1280,3800,0,1,0,0,1,0,1,2.428571429
72744,10,0,0.1,1960,9800,15800,0,1,0,0,1,0,0,0.130434783
73086,1,0,1,1200,6000,12000,0,1,0,0,1,0,0,0
73615,4,0.5,0.25,660,3300,4800,1,1,0,0,0,0,1,0
73711,10,0.1,0.1,2760,13800,19800,0,1,0,0,1,0,1,0
75342,8,1.625,0.125,176,880,2580,0,1,0,0,1,0,1,0
75631,3,1,0.333333333,8000,88000,108000,0,1,0,0,1,0,1,0
75852,10,1.3,0.2,176,880,3900,0,1,0,0,1,0,1,0.869565217
76061,1,3,1,760,3800,6800,0,2,0,0,1,0,0,0
76196,6,11.16666667,0.5,156,780,3800,0,1,0,1,1,0,1,0
76261,8,0.75,0.5,50,5600,7800,0,1,0,0,0,0,1,0.095238095
76518,3,0,1,3000,15000,28000,0,1,0,0,1,0,0,0
76561,17,1.529411765,0.058823529,1160,5800,10600,0,2,0,1,1,0,1,0
76749,3,8.333333333,0.333333333,2560,12800,25800,0,1,0,0,1,0,0,0
76754,18,2.333333333,0.666666667,520,2600,4800,0,1,0,0,1,0,1,0
76761,17,10.82352941,0.411764706,196,980,3800,0,1,0,0,1,0,1,0
76824,12,2.083333333,0.25,2396,11980,19800,0,1,0,0,1,0,0,0
76831,5,0,0.2,200,999,2680,0,1,0,1,1,0,1,0
76855,15,5.733333333,0.4,2560,12800,25800,0,1,0,0,1,0,0,0
76879,15,3.466666667,0.4,100,198,3800,0,1,0,0,1,0,1,0.08
76928,16,0,1.375,30,99,999,0,1,0,0,1,0,0,0
76978,18,1.944444444,0.388888889,276,1380,16800,0,1,0,0,1,0,0,0
77107,1,0,1,100,399,880,0,0,0,0,1,1,0,2.5
77337,3,9.666666667,0.333333333,396,1980,6800,0,1,0,0,1,1,1,0.375
77617,7,0,0.142857143,1760,9800,16600,0,2,0,1,1,0,1,0
79205,13,0,0.076923077,30,98,1680,0,2,0,0,0,0,0,0
79217,21,0.857142857,0.047619048,250,1250,2500,0,2,0,0,0,0,0,0.12
80601,2,2,0.5,2560,12800,28000,0,1,0,0,0,0,1,0
82732,7,0,0.142857143,1360,6800,39800,0,1,0,0,1,0,0,0
82865,19,0.526315789,0.105263158,8000,44080,58000,0,2,0,1,1,0,0,0.04
84148,14,0.571428571,0.142857143,136,680,1280,0,2,0,0,0,0,1,0.68
84318,14,1.214285714,0.071428571,880,4400,8800,0,1,0,0,0,0,1,0
85088,8,1,0.125,1596,7980,12800,0,1,0,0,0,0,1,0
85976,2,1,0.5,1160,5800,15000,0,1,0,0,1,0,0,0.066666667
86335,2,8,0.5,190,950,4800,0,1,0,0,0,0,1,0.066666667
86501,8,2.625,0.125,5600,28000,28600,0,1,0,0,1,0,1,0
86513,8,0,0.5,100,499,3000,0,2,0,0,1,0,1,0.333333333
88186,13,0,0.153846154,2760,13800,21800,0,1,0,1,0,0,1,0
88290,12,0,0.083333333,8000,58000,88000,0,1,0,0,1,0,0,0.04
90026,3,2,0.333333333,1720,8600,38000,0,1,0,0,1,0,0,0
91163,3,0,0.666666667,196,980,2980,0,1,0,0,1,0,1,0
91691,14,3.142857143,0.071428571,116,580,1200,0,1,0,1,1,0,1,0
91827,5,0,0.2,960,4800,6000,0,2,0,0,0,0,0,0
92574,9,0,0.111111111,960,4800,12800,0,1,0,0,1,0,0,0
94805,1,1,1,600,3000,3750,1,1,0,0,0,0,1,0
94969,13,0,0.153846154,3160,15800,22800,0,1,0,0,0,0,1,0
95420,9,0,0.111111111,30,88,800,0,1,0,0,1,0,0,0
96197,4,1.5,0.25,158,788,5800,0,1,0,0,1,0,1,0
96530,9,13.55555556,0.222222222,192,960,4580,0,1,0,0,1,0,1,0
97234,2,0,0.5,800,4000,6000,0,1,0,0,0,0,0,0
98101,7,2.428571429,0.142857143,880,4400,58000,0,2,0,0,1,0,0,0
98523,15,0.8,0.133333333,600,2999,6000,0,2,0,0,1,0,0,0
98655,14,0.428571429,0.571428571,156,780,3600,0,2,0,0,1,0,0,0
98666,8,1.125,0.5,3960,19800,69800,0,1,0,0,1,0,1,0
99659,14,10.5,0.214285714,196,980,5800,0,2,0,1,0,0,1,0
99787,16,3.25,0.125,716,2980,8800,0,1,0,0,0,0,1,0
99798,12,14.08333333,0.083333333,176,880,6800,0,2,0,0,0,0,1,0
99847,5,2.6,0.4,2800,43000,61000,0,1,0,0,0,0,0,0
99935,1,7,1,4360,21800,39800,0,1,0,1,0,0,1,0
103589,13,2.692307692,0.153846154,100,399,1680,0,1,0,0,0,0,0,0
103844,8,5.75,0.25,100,465,1800,0,2,0,0,0,0,1,0
104442,5,3,0.4,100,466,2000,0,2,0,0,1,0,1,0
104515,5,0,0.6,336,1680,4800,0,2,0,0,1,0,1,0
105709,5,2,0.2,8000,95800,126000,0,1,0,0,1,0,1,0
106193,5,0,0.2,1160,5800,28000,0,1,0,1,1,0,1,0
107563,2,3,0.5,8000,75800,88000,0,1,0,0,1,0,1,0
107673,20,1,0.15,1430,14300,18700,0,1,0,0,0,0,0,0
107965,14,0,0.285714286,1760,8800,11800,0,2,0,1,1,0,0,0
108050,6,2.666666667,0.333333333,1560,7800,15800,0,2,0,1,1,0,0,0
108395,14,0,0.071428571,176,880,3800,0,2,0,0,1,0,0,0
110205,13,0,0.461538462,156,780,1980,0,0,0,0,1,0,0,0
110260,12,0,0.083333333,30,58,280,0,0,0,0,1,0,0,0
110394,3,2.666666667,1.666666667,4000,19999,38000,0,2,0,0,0,0,0,0
110454,15,0,0.266666667,796,3980,29800,0,2,0,0,1,0,0,0
113644,11,5.363636364,0.363636364,196,980,7980,0,1,0,0,1,0,1,0
113659,14,0.571428571,0.285714286,136,680,1980,0,1,0,0,1,0,0,0
114043,8,8.25,0.5,100,466,1980,0,1,0,0,1,0,0,0
114172,10,4.2,0.1,596,2980,19800,0,1,0,0,1,0,1,0
116291,4,12.75,0.5,256,1280,3288,0,1,0,0,1,0,1,0
118263,8,4.75,0.125,100,490,3800,0,1,0,0,0,0,1,0
118269,9,0,0.111111111,596,2980,6800,0,1,0,0,0,0,1,0
118875,4,7.25,0.5,596,2980,6980,0,1,0,0,1,0,1,0
119771,14,0.428571429,0.214285714,140,699,2500,0,1,0,0,0,0,0,0
120076,19,0,0.052631579,1360,6800,9800,0,2,0,0,0,0,1,0
120249,9,2,0.111111111,418,2088,6800,0,2,0,0,0,0,1,0
120947,3,1,0.333333333,100,499,1980,0,2,0,0,0,0,1,0
121920,7,2.285714286,0.142857143,776,3880,7800,0,1,0,0,0,0,1,0
122011,2,20,0.5,156,780,1680,0,1,0,0,1,0,1,0
122611,13,6.846153846,0.230769231,396,1980,5940,0,2,0,1,0,0,1,0
125403,14,0.285714286,0.285714286,120,599,1080,0,1,0,0,1,0,0,0
125702,6,0.5,0.166666667,120,599,1280,0,1,0,0,1,0,0,0
125720,7,7,0.428571429,960,4800,7999,0,1,0,1,1,0,1,0
126487,9,13.55555556,0.333333333,160,799,3800,0,2,0,0,1,0,1,0
126987,2,0,0.5,178,888,3000,0,2,0,0,1,0,0,0
128140,14,12.78571429,0.785714286,120,599,1380,0,1,0,0,1,0,1,0
128212,12,3.833333333,0.833333333,100,499,1860,0,1,0,0,1,0,0,0
128478,2,0,1,856,4280,19800,0,1,0,0,1,0,1,0
129196,14,0.571428571,0.071428571,156,780,4800,0,1,0,0,0,0,1,0
129885,4,0,0.75,456,2280,3800,0,1,0,0,1,0,1,0
131495,5,0,0.2,178,888,9500,0,1,0,0,0,0,1,0
134608,17,0.647058824,0.058823529,196,980,2580,0,2,0,0,0,0,0,0
134942,6,0.833333333,0.166666667,196,980,5800,0,1,0,0,1,0,1,0
137218,12,0.583333333,0.75,2500,35000,45000,0,1,0,0,0,0,0,0
137243,22,2.545454545,0.227272727,100,398,1490,0,1,0,0,1,0,1,0
137376,2,0,0.5,3360,16800,28000,0,1,0,0,1,0,0,0
137436,5,0,0.2,136,680,1800,0,2,0,0,1,0,0,0
137828,2,2,0.5,120,598,3800,0,2,0,0,1,0,1,0
137838,7,1,0.285714286,176,880,1800,0,2,0,0,1,0,1,0
139048,18,1,0.055555556,300,1500,3000,0,2,0,0,1,0,0,0
139503,2,0,0.5,500,2500,4000,0,2,0,0,1,0,0,0
139643,12,0,0.083333333,596,2980,6800,0,1,0,0,1,0,0,0
140511,18,1,0.222222222,384,1920,4800,0,2,0,0,1,0,1,0
140681,6,0,0.166666667,136,680,1640,0,2,0,0,1,0,1,0
142028,6,1.333333333,0.166666667,1160,5800,15800,0,1,0,0,1,0,1,0
142275,6,11.16666667,0.166666667,320,1599,3800,0,1,0,0,1,0,1,0
144230,9,8.666666667,0.222222222,596,2980,4980,0,1,0,0,0,0,1,0
144753,9,2,0.111111111,536,2680,6780,0,2,0,1,0,0,1,0
145438,2,5.5,0.5,1560,7800,16800,0,1,0,0,1,0,1,0
147000,17,1.470588235,0.176470588,136,680,4800,0,0,0,0,0,0,0,0
150118,7,1,0.142857143,216,1080,8000,0,1,0,0,0,0,0,0
151749,19,0.578947368,0.105263158,118,588,3000,0,1,0,0,0,0,0,0
151915,7,3.428571429,0.142857143,3000,56800,95000,0,1,1,0,0,0,0,0
152129,2,22.5,0.5,176,880,3000,0,1,0,0,0,0,1,0
153482,2,0,0.5,936,4680,8800,0,1,0,0,1,0,1,0
154297,2,4,1,1100,11000,38820,0,2,0,0,0,0,0,0
161676,15,0,0.066666667,3160,15800,36300,0,1,0,0,0,0,0,0
163118,3,4,0.333333333,136,680,3000,0,1,0,0,0,0,0,0
166967,2,0,13.5,400,1999,8000,0,1,0,0,0,0,1,0
166969,2,0,1.5,960,4800,8800,0,1,0,0,0,0,1,0
166972,3,10.66666667,1.333333333,260,1299,7000,0,1,0,0,0,0,1,0
166985,2,13,1.5,196,980,5000,0,1,0,0,0,0,1,0
167002,2,5,8.5,100,499,3500,0,2,0,0,0,0,0,0
167004,3,1,2.333333333,100,499,3500,0,2,0,0,0,0,0,0
167009,2,2,4.5,440,2199,5000,0,1,0,0,0,0,0,0
171566,5,1,0.2,1980,19800,32000,0,2,0,0,0,0,0,0
174448,18,1,0.055555556,960,4800,9800,0,2,0,0,1,0,1,0
